lmd,baseline,corLDMmRT,corLDMmRT_CI_lower,corLDMmRT_CI_upper,corLDM_congruent,coef.subtitles_conditional_probability_ngram_None_r1,p_value,BIC
subtitles_conditional_probability_ngram_None_r1,m_RT ~ country +  Letters_n + logSUBTITLES,-0.228,-0.4,-0.074,0.175439614342768,-84697.91,0.071,1177.4
subtitles_conditional_probability_ngram_None_r10,m_RT ~ country +  Letters_n + logSUBTITLES,-0.481,-0.598,-0.356,0.14222650535294,-124197.25,0,1166.3
subtitles_conditional_probability_ngram_None_r3,m_RT ~ country +  Letters_n + logSUBTITLES,-0.459,-0.562,-0.343,0.194674947368687,-90689.98,0,1166.7
subtitles_conditional_probability_ngram_None_r5,m_RT ~ country +  Letters_n + logSUBTITLES,-0.462,-0.578,-0.307,0.128327301354792,-104486.76,0.001,1168.2
subtitles_log_ngram_None_r1,m_RT ~ country +  Letters_n + logSUBTITLES,-0.146,-0.313,0.023,0.0508184627950211,-82.98,0.004,1171.9
subtitles_log_ngram_None_r10,m_RT ~ country +  Letters_n + logSUBTITLES,-0.21,-0.374,-0.02,0.0918664224220034,-81.65,0,1166.3
subtitles_log_ngram_None_r3,m_RT ~ country +  Letters_n + logSUBTITLES,-0.243,-0.383,-0.08,0.0860229545867056,-66.9,0.001,1169.4
subtitles_log_ngram_None_r5,m_RT ~ country +  Letters_n + logSUBTITLES,-0.212,-0.376,-0.027,0.0477837713846053,-70.11,0.001,1168.9
subtitles_pmi_ngram_None_r1,m_RT ~ country +  Letters_n + logSUBTITLES,0.211,0.066,0.35,-0.0401707021870439,17.92,0.07,1177.4
subtitles_pmi_ngram_None_r10,m_RT ~ country +  Letters_n + logSUBTITLES,-0.187,-0.351,0.006,0.211116970226151,-20.12,0.103,1178
subtitles_pmi_ngram_None_r3,m_RT ~ country +  Letters_n + logSUBTITLES,-0.159,-0.365,0.076,0.112433824463009,-15.05,0.172,1178.9
subtitles_pmi_ngram_None_r5,m_RT ~ country +  Letters_n + logSUBTITLES,-0.137,-0.344,0.05,0.00376906608392668,-8.5,0.445,1180.2
subtitles_ppmi_ngram_None_r1,m_RT ~ country +  Letters_n + logSUBTITLES,0.13,-0.01,0.291,0.070482958088357,2.42,0.851,1180.8
subtitles_ppmi_ngram_None_r10,m_RT ~ country +  Letters_n + logSUBTITLES,-0.177,-0.388,0.076,0.183453757109626,-41.34,0.09,1177.8
subtitles_ppmi_ngram_None_r3,m_RT ~ country +  Letters_n + logSUBTITLES,-0.204,-0.39,-0.008,0.256434211174938,-32.42,0.048,1176.7
subtitles_ppmi_ngram_None_r5,m_RT ~ country +  Letters_n + logSUBTITLES,-0.187,-0.356,0.002,0.170182329854378,-28.21,0.158,1178.7
subtitles_probability_ratio_ngram_None_r1,m_RT ~ country +  Letters_n + logSUBTITLES,0.091,-0.01,0.231,0.12388500984836,0.4,0.892,1180.8
subtitles_probability_ratio_ngram_None_r10,m_RT ~ country +  Letters_n + logSUBTITLES,-0.231,-0.403,-0.06,0.235184059177604,-31.7,0.054,1176.9
subtitles_probability_ratio_ngram_None_r3,m_RT ~ country +  Letters_n + logSUBTITLES,-0.18,-0.396,-0.012,0.254538584775215,-12.72,0.102,1178
subtitles_probability_ratio_ngram_None_r5,m_RT ~ country +  Letters_n + logSUBTITLES,-0.19,-0.377,0.027,0.178653725956867,-19.15,0.094,1177.9
cos_subtitles_cbow_100_r1,m_RT ~ country +  Letters_n + logSUBTITLES,0.158,-0.076,0.369,0.023843287834875,197.41,0.061,1177.1
cos_subtitles_cbow_100_r10,m_RT ~ country +  Letters_n + logSUBTITLES,0.367,0.164,0.522,-0.259357610975814,390,0,1164.3
cos_subtitles_cbow_100_r3,m_RT ~ country +  Letters_n + logSUBTITLES,0.328,0.174,0.48,-0.0826885133632779,260.93,0.004,1172.2
cos_subtitles_cbow_100_r5,m_RT ~ country +  Letters_n + logSUBTITLES,0.357,0.152,0.522,-0.147205111627701,297.26,0.001,1169.9
cos_subtitles_cbow_200_r1,m_RT ~ country +  Letters_n + logSUBTITLES,0.163,-0.025,0.327,0.0126860568911061,252.85,0.054,1176.9
cos_subtitles_cbow_200_r10,m_RT ~ country +  Letters_n + logSUBTITLES,0.294,0.072,0.503,-0.217105479009435,311.3,0.01,1173.9
cos_subtitles_cbow_200_r3,m_RT ~ country +  Letters_n + logSUBTITLES,0.323,0.129,0.492,-0.0807163248258594,326.08,0.005,1172.3
cos_subtitles_cbow_200_r5,m_RT ~ country +  Letters_n + logSUBTITLES,0.322,0.127,0.476,-0.153837587179355,340.64,0.003,1171.5
cos_subtitles_cbow_300_r1,m_RT ~ country +  Letters_n + logSUBTITLES,0.125,-0.086,0.29,0.0492488700597047,218.29,0.187,1179
cos_subtitles_cbow_300_r10,m_RT ~ country +  Letters_n + logSUBTITLES,0.272,0.068,0.468,-0.211157884093419,368.37,0.013,1174.3
cos_subtitles_cbow_300_r3,m_RT ~ country +  Letters_n + logSUBTITLES,0.339,0.137,0.506,-0.113860899883114,404.76,0.002,1171.1
cos_subtitles_cbow_300_r5,m_RT ~ country +  Letters_n + logSUBTITLES,0.313,0.106,0.505,-0.154845210348315,377.65,0.003,1171.4
cos_subtitles_cbow_50_r1,m_RT ~ country +  Letters_n + logSUBTITLES,0.27,0.068,0.45,-0.00808757900214103,240.77,0.011,1174
cos_subtitles_cbow_50_r10,m_RT ~ country +  Letters_n + logSUBTITLES,0.398,0.243,0.548,-0.180132625591756,246,0.001,1168.3
cos_subtitles_cbow_50_r3,m_RT ~ country +  Letters_n + logSUBTITLES,0.394,0.233,0.546,-0.0784406753599746,229.97,0.001,1168.4
cos_subtitles_cbow_50_r5,m_RT ~ country +  Letters_n + logSUBTITLES,0.435,0.223,0.586,-0.175666205165195,251.2,0,1167.2
cos_subtitles_cbow_500_r1,m_RT ~ country +  Letters_n + logSUBTITLES,0.101,-0.112,0.293,0.0234232376238452,255.48,0.179,1178.9
cos_subtitles_cbow_500_r10,m_RT ~ country +  Letters_n + logSUBTITLES,0.298,0.097,0.458,-0.183121053221174,369.46,0.013,1174.3
cos_subtitles_cbow_500_r3,m_RT ~ country +  Letters_n + logSUBTITLES,0.296,0.097,0.476,-0.060840673581245,408.13,0.008,1173.4
cos_subtitles_cbow_500_r5,m_RT ~ country +  Letters_n + logSUBTITLES,0.32,0.1,0.517,-0.127076281072886,412.36,0.004,1172
cos_subtitles_conditional_probability_None_r1,m_RT ~ country +  Letters_n + logSUBTITLES,-0.389,-0.518,-0.253,0.00817265045393462,-117.05,0.096,1177.9
cos_subtitles_conditional_probability_None_r10,m_RT ~ country +  Letters_n + logSUBTITLES,0.038,-0.135,0.213,-0.0668459228255678,845.48,0.102,1178
cos_subtitles_conditional_probability_None_r3,m_RT ~ country +  Letters_n + logSUBTITLES,-0.27,-0.43,-0.092,-0.0219354620187318,-100.43,0.448,1180.2
cos_subtitles_conditional_probability_None_r5,m_RT ~ country +  Letters_n + logSUBTITLES,-0.125,-0.299,0.055,-0.0380868314711903,111.99,0.649,1180.6
cos_subtitles_log_cooccurrence_None_r1,m_RT ~ country +  Letters_n + logSUBTITLES,0.155,0.002,0.286,0.170603269956492,464.29,0.07,1177.4
cos_subtitles_log_cooccurrence_None_r10,m_RT ~ country +  Letters_n + logSUBTITLES,-0.078,-0.267,0.066,0.0914295663461288,264.96,0.275,1179.6
cos_subtitles_log_cooccurrence_None_r3,m_RT ~ country +  Letters_n + logSUBTITLES,0.048,-0.106,0.192,0.125545222493646,499.87,0.055,1176.9
cos_subtitles_log_cooccurrence_None_r5,m_RT ~ country +  Letters_n + logSUBTITLES,-0.023,-0.172,0.145,0.110219648282545,375.66,0.133,1178.5
cos_subtitles_pmi_None_r1,m_RT ~ country +  Letters_n + logSUBTITLES,-0.32,-0.502,-0.114,0.216947198095198,-657.02,0.308,1179.7
cos_subtitles_pmi_None_r10,m_RT ~ country +  Letters_n + logSUBTITLES,-0.106,-0.319,0.087,0.0869550269650255,-178.01,0.749,1180.7
cos_subtitles_pmi_None_r3,m_RT ~ country +  Letters_n + logSUBTITLES,-0.197,-0.394,0.013,0.14650719438357,-284.86,0.64,1180.6
cos_subtitles_pmi_None_r5,m_RT ~ country +  Letters_n + logSUBTITLES,-0.125,-0.377,0.065,0.0992015161717538,-107.48,0.858,1180.8
cos_subtitles_ppmi_None_r1,m_RT ~ country +  Letters_n + logSUBTITLES,-0.242,-0.374,-0.118,0.176863729781333,38.56,0.966,1180.8
cos_subtitles_ppmi_None_r10,m_RT ~ country +  Letters_n + logSUBTITLES,-0.066,-0.259,0.166,0.0407697511611857,513.49,0.609,1180.6
cos_subtitles_ppmi_None_r3,m_RT ~ country +  Letters_n + logSUBTITLES,-0.131,-0.311,0.06,0.113080316621213,745.03,0.494,1180.4
cos_subtitles_ppmi_None_r5,m_RT ~ country +  Letters_n + logSUBTITLES,-0.054,-0.296,0.174,0.0427326990989293,1028.38,0.34,1179.9
cos_subtitles_probability_ratios_None_r1,m_RT ~ country +  Letters_n + logSUBTITLES,0.201,0.084,0.318,0.207341780193164,7628.53,0.641,1180.6
cos_subtitles_probability_ratios_None_r10,m_RT ~ country +  Letters_n + logSUBTITLES,0.367,0.206,0.486,-0.13949059962311,16480.57,0,1159.8
cos_subtitles_probability_ratios_None_r3,m_RT ~ country +  Letters_n + logSUBTITLES,0.305,0.155,0.459,-0.0261328010244433,20276.34,0.011,1174
cos_subtitles_probability_ratios_None_r5,m_RT ~ country +  Letters_n + logSUBTITLES,0.295,0.145,0.421,-0.206288833893667,18283.56,0,1166.6
cos_subtitles_skipgram_100_r1,m_RT ~ country +  Letters_n + logSUBTITLES,0.307,0.072,0.498,-0.000961734236998293,367.16,0.003,1171.7
cos_subtitles_skipgram_100_r10,m_RT ~ country +  Letters_n + logSUBTITLES,0.494,0.326,0.642,-0.185635646826767,540.44,0,1160.9
cos_subtitles_skipgram_100_r3,m_RT ~ country +  Letters_n + logSUBTITLES,0.446,0.251,0.609,-0.0827421258042707,527.5,0,1165.6
cos_subtitles_skipgram_100_r5,m_RT ~ country +  Letters_n + logSUBTITLES,0.52,0.372,0.653,-0.176462274174133,596.21,0,1158.7
cos_subtitles_skipgram_200_r1,m_RT ~ country +  Letters_n + logSUBTITLES,0.27,0.092,0.427,-0.00198620450892672,361.88,0.011,1173.9
cos_subtitles_skipgram_200_r10,m_RT ~ country +  Letters_n + logSUBTITLES,0.402,0.245,0.561,-0.0803594901559258,474.76,0,1167.4
cos_subtitles_skipgram_200_r3,m_RT ~ country +  Letters_n + logSUBTITLES,0.34,0.146,0.515,-0.0759898734257951,466.57,0.002,1170.4
cos_subtitles_skipgram_200_r5,m_RT ~ country +  Letters_n + logSUBTITLES,0.452,0.293,0.576,-0.133462972654365,577.3,0,1162.4
cos_subtitles_skipgram_300_r1,m_RT ~ country +  Letters_n + logSUBTITLES,0.301,0.133,0.458,-0.0544269907961985,556.08,0.001,1169.7
cos_subtitles_skipgram_300_r10,m_RT ~ country +  Letters_n + logSUBTITLES,0.437,0.264,0.592,-0.11074317921963,582.89,0,1164.3
cos_subtitles_skipgram_300_r3,m_RT ~ country +  Letters_n + logSUBTITLES,0.253,0.061,0.421,-0.0118300743395036,571.76,0.002,1170.2
cos_subtitles_skipgram_300_r5,m_RT ~ country +  Letters_n + logSUBTITLES,0.397,0.228,0.533,-0.0732537171134284,592.66,0,1165
cos_subtitles_skipgram_50_r1,m_RT ~ country +  Letters_n + logSUBTITLES,0.282,0.12,0.459,0.00271103353625865,322.76,0.008,1173.5
cos_subtitles_skipgram_50_r10,m_RT ~ country +  Letters_n + logSUBTITLES,0.504,0.34,0.626,-0.167197173490607,470.93,0,1161.1
cos_subtitles_skipgram_50_r3,m_RT ~ country +  Letters_n + logSUBTITLES,0.517,0.359,0.655,-0.144508561264738,598.76,0,1155.4
cos_subtitles_skipgram_50_r5,m_RT ~ country +  Letters_n + logSUBTITLES,0.516,0.34,0.658,-0.127862432089705,494.15,0,1159.5
cos_subtitles_skipgram_500_r1,m_RT ~ country +  Letters_n + logSUBTITLES,0.208,-0.002,0.408,-0.00985626871549936,427.27,0.038,1176.3
cos_subtitles_skipgram_500_r10,m_RT ~ country +  Letters_n + logSUBTITLES,0.269,0.104,0.426,0.00590955911826392,510.29,0.004,1172.1
cos_subtitles_skipgram_500_r3,m_RT ~ country +  Letters_n + logSUBTITLES,0.381,0.223,0.539,-0.104044043831503,694.74,0,1165.5
cos_subtitles_skipgram_500_r5,m_RT ~ country +  Letters_n + logSUBTITLES,0.326,0.153,0.47,-0.0564068966139529,623.88,0,1166.9
euc_subtitles_cbow_100_r1,m_RT ~ country +  Letters_n + logSUBTITLES,0.294,0.111,0.441,0.0130785120479138,35.36,0.005,1172.6
euc_subtitles_cbow_100_r10,m_RT ~ country +  Letters_n + logSUBTITLES,0.601,0.465,0.718,-0.104346071457455,20.09,0,1148.4
euc_subtitles_cbow_100_r3,m_RT ~ country +  Letters_n + logSUBTITLES,0.447,0.286,0.583,-0.0361358222744453,25.89,0,1164.6
euc_subtitles_cbow_100_r5,m_RT ~ country +  Letters_n + logSUBTITLES,0.541,0.407,0.689,-0.0641225080675267,23.85,0,1157.3
euc_subtitles_cbow_200_r1,m_RT ~ country +  Letters_n + logSUBTITLES,0.3,0.13,0.456,0.00882980853282858,34.39,0.008,1173.3
euc_subtitles_cbow_200_r10,m_RT ~ country +  Letters_n + logSUBTITLES,0.541,0.381,0.664,-0.0798802564087449,17.9,0,1159.4
euc_subtitles_cbow_200_r3,m_RT ~ country +  Letters_n + logSUBTITLES,0.427,0.254,0.57,-0.0317352732490421,25.08,0,1166.4
euc_subtitles_cbow_200_r5,m_RT ~ country +  Letters_n + logSUBTITLES,0.477,0.302,0.597,-0.051526527829893,20.68,0,1162.7
euc_subtitles_cbow_300_r1,m_RT ~ country +  Letters_n + logSUBTITLES,0.316,0.126,0.465,0.02363773323459,33.38,0.015,1174.6
euc_subtitles_cbow_300_r10,m_RT ~ country +  Letters_n + logSUBTITLES,0.495,0.325,0.62,-0.0665475470505389,17.31,0,1162.8
euc_subtitles_cbow_300_r3,m_RT ~ country +  Letters_n + logSUBTITLES,0.448,0.302,0.588,-0.0394810279627204,25.8,0,1165.8
euc_subtitles_cbow_300_r5,m_RT ~ country +  Letters_n + logSUBTITLES,0.462,0.279,0.611,-0.0522863044668112,20.57,0,1164.6
euc_subtitles_cbow_50_r1,m_RT ~ country +  Letters_n + logSUBTITLES,0.371,0.216,0.535,-0.00401881103409246,45.84,0.001,1168.5
euc_subtitles_cbow_50_r10,m_RT ~ country +  Letters_n + logSUBTITLES,0.593,0.486,0.698,-0.0863119404037403,17.58,0,1151.3
euc_subtitles_cbow_50_r3,m_RT ~ country +  Letters_n + logSUBTITLES,0.515,0.358,0.655,-0.0432734193507676,27.45,0,1159.2
euc_subtitles_cbow_50_r5,m_RT ~ country +  Letters_n + logSUBTITLES,0.578,0.445,0.704,-0.0915334800646226,23.03,0,1152.9
euc_subtitles_cbow_500_r1,m_RT ~ country +  Letters_n + logSUBTITLES,0.317,0.149,0.454,0.0100782959561541,32.33,0.024,1175.4
euc_subtitles_cbow_500_r10,m_RT ~ country +  Letters_n + logSUBTITLES,0.495,0.359,0.628,-0.0603853288548014,17.27,0,1164
euc_subtitles_cbow_500_r3,m_RT ~ country +  Letters_n + logSUBTITLES,0.418,0.281,0.56,-0.016312808644096,25.48,0.001,1168.7
euc_subtitles_cbow_500_r5,m_RT ~ country +  Letters_n + logSUBTITLES,0.454,0.288,0.584,-0.0384818441207147,20.05,0,1166.3
euc_subtitles_conditional_probability_None_r1,m_RT ~ country +  Letters_n + logSUBTITLES,-0.164,-0.348,0.048,0.0035452022339248,-222.37,0.449,1180.2
euc_subtitles_conditional_probability_None_r10,m_RT ~ country +  Letters_n + logSUBTITLES,0.107,-0.081,0.27,-0.0478499167663797,3696.89,0.051,1176.8
euc_subtitles_conditional_probability_None_r3,m_RT ~ country +  Letters_n + logSUBTITLES,-0.201,-0.35,-0.041,-0.0243286004693544,-305.84,0.678,1180.7
euc_subtitles_conditional_probability_None_r5,m_RT ~ country +  Letters_n + logSUBTITLES,-0.066,-0.238,0.136,-0.0270939291881797,846.65,0.477,1180.3
euc_subtitles_log_cooccurrence_None_r1,m_RT ~ country +  Letters_n + logSUBTITLES,-0.276,-0.458,-0.082,0.113552153736293,-3.01,0.001,1168.9
euc_subtitles_log_cooccurrence_None_r10,m_RT ~ country +  Letters_n + logSUBTITLES,-0.255,-0.459,-0.081,0.110935242955511,-0.71,0.03,1175.9
euc_subtitles_log_cooccurrence_None_r3,m_RT ~ country +  Letters_n + logSUBTITLES,-0.251,-0.462,-0.015,0.119154937612753,-1.33,0.011,1174
euc_subtitles_log_cooccurrence_None_r5,m_RT ~ country +  Letters_n + logSUBTITLES,-0.252,-0.44,-0.029,0.11655061873118,-0.99,0.019,1175
euc_subtitles_pmi_None_r1,m_RT ~ country +  Letters_n + logSUBTITLES,-0.247,-0.394,-0.095,0.046381907904336,-0.67,0,1165.4
euc_subtitles_pmi_None_r10,m_RT ~ country +  Letters_n + logSUBTITLES,-0.119,-0.293,0.08,0.0259437946414922,-0.62,0.002,1171
euc_subtitles_pmi_None_r3,m_RT ~ country +  Letters_n + logSUBTITLES,-0.191,-0.375,-0.001,0.0359083868194763,-0.64,0.001,1168.6
euc_subtitles_pmi_None_r5,m_RT ~ country +  Letters_n + logSUBTITLES,-0.141,-0.309,0.049,0.0298090881536952,-0.62,0.002,1170.5
euc_subtitles_ppmi_None_r1,m_RT ~ country +  Letters_n + logSUBTITLES,-0.248,-0.408,-0.108,0.0415759439569708,-0.71,0,1165.2
euc_subtitles_ppmi_None_r10,m_RT ~ country +  Letters_n + logSUBTITLES,-0.109,-0.261,0.034,0.0220110675393508,-0.7,0.002,1170.8
euc_subtitles_ppmi_None_r3,m_RT ~ country +  Letters_n + logSUBTITLES,-0.186,-0.332,-0.006,0.0316839321717578,-0.71,0.001,1168.4
euc_subtitles_ppmi_None_r5,m_RT ~ country +  Letters_n + logSUBTITLES,-0.132,-0.294,0.047,0.0257783467337275,-0.67,0.002,1170.5
euc_subtitles_probability_ratios_None_r1,m_RT ~ country +  Letters_n + logSUBTITLES,-0.272,-0.39,-0.128,0.00192472841813156,0,0.535,1180.4
euc_subtitles_probability_ratios_None_r10,m_RT ~ country +  Letters_n + logSUBTITLES,-0.121,-0.249,0.018,0.00889014413570243,0,0.342,1179.9
euc_subtitles_probability_ratios_None_r3,m_RT ~ country +  Letters_n + logSUBTITLES,-0.211,-0.328,-0.067,0.00630056011189468,0,0.985,1180.8
euc_subtitles_probability_ratios_None_r5,m_RT ~ country +  Letters_n + logSUBTITLES,-0.169,-0.298,-0.021,0.0073440691488977,0,0.72,1180.7
euc_subtitles_skipgram_100_r1,m_RT ~ country +  Letters_n + logSUBTITLES,0.385,0.194,0.536,0.000461385337339097,76.68,0,1167.8
euc_subtitles_skipgram_100_r10,m_RT ~ country +  Letters_n + logSUBTITLES,0.517,0.381,0.636,-0.0861465570222475,134.43,0,1153.4
euc_subtitles_skipgram_100_r3,m_RT ~ country +  Letters_n + logSUBTITLES,0.493,0.356,0.617,-0.0384263763796698,110.58,0,1159.5
euc_subtitles_skipgram_100_r5,m_RT ~ country +  Letters_n + logSUBTITLES,0.529,0.415,0.657,-0.0853658826344172,126.41,0,1154
euc_subtitles_skipgram_200_r1,m_RT ~ country +  Letters_n + logSUBTITLES,0.374,0.224,0.53,0.00180719375056148,70.24,0.001,1169
euc_subtitles_skipgram_200_r10,m_RT ~ country +  Letters_n + logSUBTITLES,0.396,0.236,0.525,-0.0271757681094067,109.71,0,1160.2
euc_subtitles_skipgram_200_r3,m_RT ~ country +  Letters_n + logSUBTITLES,0.396,0.231,0.538,-0.0281617834396142,96.57,0,1163.8
euc_subtitles_skipgram_200_r5,m_RT ~ country +  Letters_n + logSUBTITLES,0.461,0.295,0.6,-0.0499917843674994,108.43,0,1157.1
euc_subtitles_skipgram_300_r1,m_RT ~ country +  Letters_n + logSUBTITLES,0.401,0.255,0.555,-0.0188528213259356,82.08,0,1165.6
euc_subtitles_skipgram_300_r10,m_RT ~ country +  Letters_n + logSUBTITLES,0.367,0.21,0.505,-0.0351819220266557,113.39,0,1158.5
euc_subtitles_skipgram_300_r3,m_RT ~ country +  Letters_n + logSUBTITLES,0.361,0.187,0.512,0.00419383772267338,97.85,0,1162.7
euc_subtitles_skipgram_300_r5,m_RT ~ country +  Letters_n + logSUBTITLES,0.389,0.229,0.518,-0.0201098694468969,100.72,0,1160.4
euc_subtitles_skipgram_50_r1,m_RT ~ country +  Letters_n + logSUBTITLES,0.364,0.2,0.51,0.00299943344869182,77.22,0.001,1169.5
euc_subtitles_skipgram_50_r10,m_RT ~ country +  Letters_n + logSUBTITLES,0.537,0.413,0.653,-0.0943787946314063,135.24,0,1154.3
euc_subtitles_skipgram_50_r3,m_RT ~ country +  Letters_n + logSUBTITLES,0.548,0.412,0.655,-0.0817720637416988,128.33,0,1151.7
euc_subtitles_skipgram_50_r5,m_RT ~ country +  Letters_n + logSUBTITLES,0.547,0.422,0.664,-0.0723474281858912,120.24,0,1154.3
euc_subtitles_skipgram_500_r1,m_RT ~ country +  Letters_n + logSUBTITLES,0.349,0.197,0.511,0.00290220227060114,63.22,0.002,1171
euc_subtitles_skipgram_500_r10,m_RT ~ country +  Letters_n + logSUBTITLES,0.164,-0.019,0.334,0.0088382331879268,92.02,0,1167.2
euc_subtitles_skipgram_500_r3,m_RT ~ country +  Letters_n + logSUBTITLES,0.362,0.22,0.516,-0.0266679716699545,89.63,0,1162.6
euc_subtitles_skipgram_500_r5,m_RT ~ country +  Letters_n + logSUBTITLES,0.264,0.119,0.408,-0.00991513300733788,91.63,0,1163.8
cor_subtitles_cbow_100_r1,m_RT ~ country +  Letters_n + logSUBTITLES,0.159,-0.033,0.358,0.0204465301559752,199.65,0.059,1177.1
cor_subtitles_cbow_100_r10,m_RT ~ country +  Letters_n + logSUBTITLES,0.37,0.153,0.549,-0.256467827278325,382.78,0,1164.4
cor_subtitles_cbow_100_r3,m_RT ~ country +  Letters_n + logSUBTITLES,0.317,0.141,0.489,-0.0836080841292916,259.53,0.005,1172.4
cor_subtitles_cbow_100_r5,m_RT ~ country +  Letters_n + logSUBTITLES,0.369,0.167,0.542,-0.147513185189429,303.11,0.001,1169.5
cor_subtitles_cbow_200_r1,m_RT ~ country +  Letters_n + logSUBTITLES,0.172,-0.015,0.359,0.00430652524914703,268.37,0.042,1176.5
cor_subtitles_cbow_200_r10,m_RT ~ country +  Letters_n + logSUBTITLES,0.293,0.078,0.492,-0.214703049596433,307.73,0.011,1174
cor_subtitles_cbow_200_r3,m_RT ~ country +  Letters_n + logSUBTITLES,0.332,0.121,0.499,-0.0857166798710349,338.44,0.003,1171.7
cor_subtitles_cbow_200_r5,m_RT ~ country +  Letters_n + logSUBTITLES,0.317,0.09,0.487,-0.159687677137812,339.3,0.003,1171.6
cor_subtitles_cbow_300_r1,m_RT ~ country +  Letters_n + logSUBTITLES,0.122,-0.062,0.28,0.0520837904284494,214.18,0.196,1179.1
cor_subtitles_cbow_300_r10,m_RT ~ country +  Letters_n + logSUBTITLES,0.277,0.053,0.478,-0.211225071009768,371.83,0.012,1174.1
cor_subtitles_cbow_300_r3,m_RT ~ country +  Letters_n + logSUBTITLES,0.345,0.15,0.496,-0.112468637748057,411.19,0.002,1170.7
cor_subtitles_cbow_300_r5,m_RT ~ country +  Letters_n + logSUBTITLES,0.311,0.096,0.512,-0.154188235932206,375.22,0.003,1171.5
cor_subtitles_cbow_50_r1,m_RT ~ country +  Letters_n + logSUBTITLES,0.207,0.017,0.382,0.0219930792359323,225.24,0.026,1175.6
cor_subtitles_cbow_50_r10,m_RT ~ country +  Letters_n + logSUBTITLES,0.38,0.152,0.554,-0.173412306078948,247,0.001,1168.7
cor_subtitles_cbow_50_r3,m_RT ~ country +  Letters_n + logSUBTITLES,0.428,0.255,0.587,-0.0823572861769982,266.85,0,1165.1
cor_subtitles_cbow_50_r5,m_RT ~ country +  Letters_n + logSUBTITLES,0.396,0.224,0.563,-0.192416742262204,236.72,0.001,1168.9
cor_subtitles_cbow_500_r1,m_RT ~ country +  Letters_n + logSUBTITLES,0.102,-0.081,0.287,0.0235122084562282,254.5,0.181,1178.9
cor_subtitles_cbow_500_r10,m_RT ~ country +  Letters_n + logSUBTITLES,0.299,0.115,0.465,-0.182944356742293,370.37,0.012,1174.2
cor_subtitles_cbow_500_r3,m_RT ~ country +  Letters_n + logSUBTITLES,0.297,0.085,0.496,-0.0574548275307362,406.4,0.008,1173.4
cor_subtitles_cbow_500_r5,m_RT ~ country +  Letters_n + logSUBTITLES,0.321,0.111,0.522,-0.126284396005517,412.51,0.004,1171.9
cor_subtitles_conditional_probability_None_r1,m_RT ~ country +  Letters_n + logSUBTITLES,-0.389,-0.522,-0.225,0.00817413352390566,-117.05,0.096,1177.9
cor_subtitles_conditional_probability_None_r10,m_RT ~ country +  Letters_n + logSUBTITLES,0.038,-0.155,0.209,-0.0668457228289038,845.25,0.102,1178
cor_subtitles_conditional_probability_None_r3,m_RT ~ country +  Letters_n + logSUBTITLES,-0.27,-0.414,-0.117,-0.0219328163119831,-100.42,0.448,1180.2
cor_subtitles_conditional_probability_None_r5,m_RT ~ country +  Letters_n + logSUBTITLES,-0.125,-0.288,0.043,-0.0380861861262826,111.96,0.649,1180.6
cor_subtitles_log_cooccurrence_None_r1,m_RT ~ country +  Letters_n + logSUBTITLES,0.158,0.026,0.301,0.170556963446328,464.37,0.072,1177.4
cor_subtitles_log_cooccurrence_None_r10,m_RT ~ country +  Letters_n + logSUBTITLES,-0.073,-0.261,0.118,0.0898415584938081,275.57,0.262,1179.5
cor_subtitles_log_cooccurrence_None_r3,m_RT ~ country +  Letters_n + logSUBTITLES,0.053,-0.097,0.201,0.124881612510223,506.96,0.053,1176.9
cor_subtitles_log_cooccurrence_None_r5,m_RT ~ country +  Letters_n + logSUBTITLES,-0.018,-0.197,0.132,0.10929705747658,383.56,0.129,1178.4
cor_subtitles_pmi_None_r1,m_RT ~ country +  Letters_n + logSUBTITLES,-0.333,-0.493,-0.166,0.218476886442596,-780.36,0.235,1179.4
cor_subtitles_pmi_None_r10,m_RT ~ country +  Letters_n + logSUBTITLES,-0.107,-0.333,0.136,0.0816209351882985,-291.67,0.595,1180.5
cor_subtitles_pmi_None_r3,m_RT ~ country +  Letters_n + logSUBTITLES,-0.206,-0.407,0.024,0.144894095998394,-389.9,0.526,1180.4
cor_subtitles_pmi_None_r5,m_RT ~ country +  Letters_n + logSUBTITLES,-0.131,-0.346,0.077,0.0954562515848896,-219.22,0.714,1180.7
cor_subtitles_ppmi_None_r1,m_RT ~ country +  Letters_n + logSUBTITLES,-0.261,-0.386,-0.11,0.177696692871082,-180.34,0.847,1180.8
cor_subtitles_ppmi_None_r10,m_RT ~ country +  Letters_n + logSUBTITLES,-0.084,-0.299,0.136,0.0199649502232278,-140.74,0.886,1180.8
cor_subtitles_ppmi_None_r3,m_RT ~ country +  Letters_n + logSUBTITLES,-0.158,-0.354,0.025,0.106815672408417,300.8,0.791,1180.8
cor_subtitles_ppmi_None_r5,m_RT ~ country +  Letters_n + logSUBTITLES,-0.074,-0.31,0.174,0.0271840576986367,453.65,0.676,1180.7
cor_subtitles_probability_ratios_None_r1,m_RT ~ country +  Letters_n + logSUBTITLES,0.132,-0.008,0.297,0.192741103346037,-20149.65,0.4,1180.1
cor_subtitles_probability_ratios_None_r10,m_RT ~ country +  Letters_n + logSUBTITLES,0.453,0.299,0.596,-0.309914429055593,24345.1,0,1156.6
cor_subtitles_probability_ratios_None_r3,m_RT ~ country +  Letters_n + logSUBTITLES,0.311,0.153,0.491,-0.124066844166091,24336.27,0.024,1175.4
cor_subtitles_probability_ratios_None_r5,m_RT ~ country +  Letters_n + logSUBTITLES,0.291,0.139,0.437,-0.319648714276005,19623.18,0.001,1168.9
cor_subtitles_skipgram_100_r1,m_RT ~ country +  Letters_n + logSUBTITLES,0.329,0.133,0.511,-0.0238805312134928,388.35,0.002,1170.7
cor_subtitles_skipgram_100_r10,m_RT ~ country +  Letters_n + logSUBTITLES,0.499,0.331,0.626,-0.192927174605365,551.22,0,1160.2
cor_subtitles_skipgram_100_r3,m_RT ~ country +  Letters_n + logSUBTITLES,0.441,0.27,0.575,-0.0846280092561725,545.53,0,1165.7
cor_subtitles_skipgram_100_r5,m_RT ~ country +  Letters_n + logSUBTITLES,0.501,0.36,0.629,-0.175595681161096,586.3,0,1160.3
cor_subtitles_skipgram_200_r1,m_RT ~ country +  Letters_n + logSUBTITLES,0.282,0.108,0.434,-0.00619194317948163,361.95,0.01,1173.9
cor_subtitles_skipgram_200_r10,m_RT ~ country +  Letters_n + logSUBTITLES,0.409,0.221,0.574,-0.0758808517367845,474.84,0,1167.3
cor_subtitles_skipgram_200_r3,m_RT ~ country +  Letters_n + logSUBTITLES,0.348,0.167,0.497,-0.0752503581758003,468.75,0.001,1170.1
cor_subtitles_skipgram_200_r5,m_RT ~ country +  Letters_n + logSUBTITLES,0.454,0.272,0.609,-0.135261223283357,579.46,0,1162.3
cor_subtitles_skipgram_300_r1,m_RT ~ country +  Letters_n + logSUBTITLES,0.304,0.184,0.449,-0.054706445333521,559.32,0.001,1169.6
cor_subtitles_skipgram_300_r10,m_RT ~ country +  Letters_n + logSUBTITLES,0.446,0.279,0.585,-0.110116539589466,593.4,0,1163.3
cor_subtitles_skipgram_300_r3,m_RT ~ country +  Letters_n + logSUBTITLES,0.24,0.059,0.414,-0.013220261389318,565.05,0.002,1170.6
cor_subtitles_skipgram_300_r5,m_RT ~ country +  Letters_n + logSUBTITLES,0.398,0.219,0.56,-0.0713345374513921,591.92,0,1165
cor_subtitles_skipgram_50_r1,m_RT ~ country +  Letters_n + logSUBTITLES,0.264,0.06,0.465,-0.00917667703798908,315.45,0.01,1173.9
cor_subtitles_skipgram_50_r10,m_RT ~ country +  Letters_n + logSUBTITLES,0.516,0.385,0.643,-0.166271253393915,464.54,0,1160.6
cor_subtitles_skipgram_50_r3,m_RT ~ country +  Letters_n + logSUBTITLES,0.488,0.334,0.616,-0.162024449045767,585.47,0,1158.9
cor_subtitles_skipgram_50_r5,m_RT ~ country +  Letters_n + logSUBTITLES,0.535,0.386,0.654,-0.110722477964102,454.94,0,1160.4
cor_subtitles_skipgram_500_r1,m_RT ~ country +  Letters_n + logSUBTITLES,0.209,0.025,0.381,-0.00999585442768986,429.41,0.038,1176.3
cor_subtitles_skipgram_500_r10,m_RT ~ country +  Letters_n + logSUBTITLES,0.275,0.127,0.445,0.00743414578599079,513.89,0.004,1171.9
cor_subtitles_skipgram_500_r3,m_RT ~ country +  Letters_n + logSUBTITLES,0.381,0.179,0.53,-0.105166698567952,701.29,0,1165.5
cor_subtitles_skipgram_500_r5,m_RT ~ country +  Letters_n + logSUBTITLES,0.322,0.146,0.49,-0.0591397461140393,626.9,0,1166.8
cor_llama_2_13b_chat_Q5_K_S_pairs,m_RT ~ country +  Letters_n + logSUBTITLES,-0.48,-0.587,-0.359,-0.013905122973941,-352.86,0.014,1174.5
cor_llama_2_13b_chat_Q5_K_S_pairs_names_Upper,m_RT ~ country +  Letters_n + logSUBTITLES,-0.51,-0.613,-0.391,-0.0167109922783401,-379.19,0.005,1172.6
cor_llama_2_7b_chat_Q4_K_M_pairs,m_RT ~ country +  Letters_n + logSUBTITLES,-0.527,-0.644,-0.388,0.0247334898088676,-492.97,0.001,1169.3
cor_llama_2_7b_chat_Q4_K_M_pairs_names_Upper,m_RT ~ country +  Letters_n + logSUBTITLES,-0.619,-0.705,-0.523,0.0052941979563628,-439.11,0,1156.5
cor_mistral_7b_v0_1_Q4_K_M_pairs,m_RT ~ country +  Letters_n + logSUBTITLES,-0.465,-0.574,-0.348,-0.00250731280508673,-473.76,0.011,1174
cor_mistral_7b_v0_1_Q4_K_M_pairs_names_Upper,m_RT ~ country +  Letters_n + logSUBTITLES,-0.589,-0.701,-0.47,0.00668072548873897,-584.35,0,1162
cos_llama_2_13b_chat_Q5_K_S_pairs,m_RT ~ country +  Letters_n + logSUBTITLES,-0.48,-0.596,-0.37,-0.0138898539856878,-353.6,0.014,1174.4
cos_llama_2_13b_chat_Q5_K_S_pairs_names_Upper,m_RT ~ country +  Letters_n + logSUBTITLES,-0.511,-0.622,-0.399,-0.0166614547277141,-379.87,0.005,1172.5
cos_llama_2_7b_chat_Q4_K_M_pairs,m_RT ~ country +  Letters_n + logSUBTITLES,-0.527,-0.65,-0.374,0.0248067222993508,-492.95,0.001,1169.3
cos_llama_2_7b_chat_Q4_K_M_pairs_names_Upper,m_RT ~ country +  Letters_n + logSUBTITLES,-0.619,-0.72,-0.505,0.00531946299137033,-439.24,0,1156.5
cos_mistral_7b_v0_1_Q4_K_M_pairs,m_RT ~ country +  Letters_n + logSUBTITLES,-0.463,-0.602,-0.316,-0.00259980142361993,-470.54,0.011,1174.1
cos_mistral_7b_v0_1_Q4_K_M_pairs_names_Upper,m_RT ~ country +  Letters_n + logSUBTITLES,-0.588,-0.702,-0.464,0.00661334630211045,-583.92,0,1162.1
euc_llama_2_13b_chat_Q5_K_S_pairs,m_RT ~ country +  Letters_n + logSUBTITLES,-0.375,-0.513,-0.226,-0.0187983453387059,-2.82,0.183,1179
euc_llama_2_13b_chat_Q5_K_S_pairs_names_Upper,m_RT ~ country +  Letters_n + logSUBTITLES,-0.443,-0.577,-0.309,-0.0209598886744024,-3.95,0.057,1177
euc_llama_2_7b_chat_Q4_K_M_pairs,m_RT ~ country +  Letters_n + logSUBTITLES,-0.264,-0.436,-0.09,0.0259036815500879,-0.19,0.892,1180.8
euc_llama_2_7b_chat_Q4_K_M_pairs_names_Upper,m_RT ~ country +  Letters_n + logSUBTITLES,-0.46,-0.568,-0.322,0.0144419218396562,-2.39,0.031,1175.9
euc_mistral_7b_v0_1_Q4_K_M_pairs,m_RT ~ country +  Letters_n + logSUBTITLES,-0.395,-0.524,-0.256,-0.000988465401822249,-1.1,0.015,1174.6
euc_mistral_7b_v0_1_Q4_K_M_pairs_names_Upper,m_RT ~ country +  Letters_n + logSUBTITLES,-0.597,-0.691,-0.481,0.0052161415008312,-1.73,0,1159.4
cor_glove_6B_300d_pairs,m_RT ~ country +  Letters_n + logSUBTITLES,-0.283,-0.449,-0.102,-0.0478412240573369,-155.59,0.236,1179.4
cos_glove_6B_300d_pairs,m_RT ~ country +  Letters_n + logSUBTITLES,-0.287,-0.472,-0.083,-0.0481560448273562,-159.02,0.227,1179.3
euc_glove_6B_300d_pairs,m_RT ~ country +  Letters_n + logSUBTITLES,-0.21,-0.391,-0.009,-0.0412384990143565,-20.75,0.393,1180.1
bnc_conditional_probability_ngram_None_r1,m_RT ~ country +  Letters_n + logBNC,0.135,-0.093,0.324,0.0322822210007669,26401.98,0.175,1176.4
bnc_conditional_probability_ngram_None_r10,m_RT ~ country +  Letters_n + logBNC,-0.371,-0.521,-0.205,0.0586914578036892,-114833.07,0.028,1173.2
bnc_conditional_probability_ngram_None_r3,m_RT ~ country +  Letters_n + logBNC,-0.143,-0.359,0.063,0.10957187356543,-22767.32,0.574,1178
bnc_conditional_probability_ngram_None_r5,m_RT ~ country +  Letters_n + logBNC,-0.292,-0.47,-0.07,0.139058028462317,-76790.6,0.109,1175.6
bnc_log_ngram_None_r1,m_RT ~ country +  Letters_n + logBNC,0.283,0.077,0.445,0.0306854794444468,13.35,0.672,1178.1
bnc_log_ngram_None_r10,m_RT ~ country +  Letters_n + logBNC,0.168,-0.017,0.357,0.0418699300145942,-26.28,0.309,1177.2
bnc_log_ngram_None_r3,m_RT ~ country +  Letters_n + logBNC,0.243,0.056,0.434,-0.000492183583406575,-0.6,0.983,1178.3
bnc_log_ngram_None_r5,m_RT ~ country +  Letters_n + logBNC,0.18,0.021,0.348,0.0479582128908962,-19.91,0.455,1177.7
bnc_pmi_ngram_None_r1,m_RT ~ country +  Letters_n + logBNC,0.07,-0.151,0.254,0.0775099854770681,9.49,0.214,1176.7
bnc_pmi_ngram_None_r10,m_RT ~ country +  Letters_n + logBNC,-0.227,-0.36,-0.079,0.131364704084906,-17.61,0.063,1174.7
bnc_pmi_ngram_None_r3,m_RT ~ country +  Letters_n + logBNC,-0.011,-0.176,0.165,0.0791866163192549,7.74,0.431,1177.7
bnc_pmi_ngram_None_r5,m_RT ~ country +  Letters_n + logBNC,-0.175,-0.37,0.007,0.193468936963348,-5.34,0.614,1178.1
bnc_ppmi_ngram_None_r1,m_RT ~ country +  Letters_n + logBNC,0.179,-0.005,0.352,0.0253530318394099,14.53,0.126,1175.8
bnc_ppmi_ngram_None_r10,m_RT ~ country +  Letters_n + logBNC,-0.157,-0.336,0.039,0.113872592261508,-13.05,0.435,1177.7
bnc_ppmi_ngram_None_r3,m_RT ~ country +  Letters_n + logBNC,0.003,-0.203,0.232,0.197405750487248,0.48,0.972,1178.3
bnc_ppmi_ngram_None_r5,m_RT ~ country +  Letters_n + logBNC,-0.082,-0.329,0.115,0.240948475174129,-6.58,0.674,1178.1
bnc_probability_ratio_ngram_None_r1,m_RT ~ country +  Letters_n + logBNC,0.169,0.023,0.319,0.0445015116002273,2.63,0.144,1176.1
bnc_probability_ratio_ngram_None_r10,m_RT ~ country +  Letters_n + logBNC,-0.102,-0.261,0.047,0.0847465897441405,-5.44,0.548,1177.9
bnc_probability_ratio_ngram_None_r3,m_RT ~ country +  Letters_n + logBNC,0.107,-0.068,0.268,0.110753023911154,3.84,0.428,1177.7
bnc_probability_ratio_ngram_None_r5,m_RT ~ country +  Letters_n + logBNC,-0.007,-0.169,0.125,0.19662293703211,0.05,0.994,1178.3
cos_bnc_cbow_100_r1,m_RT ~ country +  Letters_n + logBNC,-0.118,-0.313,0.09,-0.0762167202374163,-53.72,0.601,1178
cos_bnc_cbow_100_r10,m_RT ~ country +  Letters_n + logBNC,0.214,0.044,0.386,-0.200808484287357,78.24,0.256,1177
cos_bnc_cbow_100_r3,m_RT ~ country +  Letters_n + logBNC,0.066,-0.128,0.275,-0.177677671184022,33.42,0.625,1178.1
cos_bnc_cbow_100_r5,m_RT ~ country +  Letters_n + logBNC,0.129,-0.069,0.322,-0.207629502421269,46.97,0.479,1177.8
cos_bnc_cbow_200_r1,m_RT ~ country +  Letters_n + logBNC,-0.05,-0.25,0.137,-0.103943455367764,-29.82,0.782,1178.2
cos_bnc_cbow_200_r10,m_RT ~ country +  Letters_n + logBNC,0.197,0.009,0.393,-0.20077741748872,65.43,0.367,1177.5
cos_bnc_cbow_200_r3,m_RT ~ country +  Letters_n + logBNC,0.122,-0.076,0.323,-0.17049497399696,46.79,0.562,1178
cos_bnc_cbow_200_r5,m_RT ~ country +  Letters_n + logBNC,0.232,0.072,0.397,-0.215819696177859,96.93,0.199,1176.6
cos_bnc_cbow_300_r1,m_RT ~ country +  Letters_n + logBNC,-0.062,-0.267,0.141,-0.0872904984357375,-59.68,0.61,1178.1
cos_bnc_cbow_300_r10,m_RT ~ country +  Letters_n + logBNC,0.183,0.003,0.356,-0.202398894911746,76.24,0.309,1177.2
cos_bnc_cbow_300_r3,m_RT ~ country +  Letters_n + logBNC,0.097,-0.061,0.284,-0.161101225475858,35.48,0.645,1178.1
cos_bnc_cbow_300_r5,m_RT ~ country +  Letters_n + logBNC,0.166,-0.029,0.357,-0.197056974327118,64.12,0.363,1177.5
cos_bnc_cbow_50_r1,m_RT ~ country +  Letters_n + logBNC,-0.11,-0.313,0.129,-0.123795702104667,-26.34,0.758,1178.2
cos_bnc_cbow_50_r10,m_RT ~ country +  Letters_n + logBNC,0.198,0.02,0.355,-0.193729673132712,56.82,0.308,1177.2
cos_bnc_cbow_50_r3,m_RT ~ country +  Letters_n + logBNC,0.089,-0.122,0.296,-0.179152763799409,45.66,0.438,1177.7
cos_bnc_cbow_50_r5,m_RT ~ country +  Letters_n + logBNC,0.165,-0.02,0.332,-0.18366284714464,57.2,0.288,1177.1
cos_bnc_cbow_500_r1,m_RT ~ country +  Letters_n + logBNC,-0.066,-0.276,0.126,-0.0793797544279757,-78.12,0.505,1177.9
cos_bnc_cbow_500_r10,m_RT ~ country +  Letters_n + logBNC,0.186,0.005,0.385,-0.187908347656651,75.38,0.304,1177.2
cos_bnc_cbow_500_r3,m_RT ~ country +  Letters_n + logBNC,0.166,-0.015,0.334,-0.184679887082626,62.26,0.455,1177.7
cos_bnc_cbow_500_r5,m_RT ~ country +  Letters_n + logBNC,0.203,-0.002,0.351,-0.225072601408952,96.77,0.213,1176.7
cos_bnc_conditional_probability_None_r1,m_RT ~ country +  Letters_n + logBNC,-0.334,-0.466,-0.168,0.0110435335669609,-63.78,0.441,1177.7
cos_bnc_conditional_probability_None_r10,m_RT ~ country +  Letters_n + logBNC,-0.358,-0.481,-0.231,0.0334359065667595,-619.05,0.145,1176.1
cos_bnc_conditional_probability_None_r3,m_RT ~ country +  Letters_n + logBNC,-0.336,-0.465,-0.189,0.0362830082842731,-120.34,0.469,1177.8
cos_bnc_conditional_probability_None_r5,m_RT ~ country +  Letters_n + logBNC,-0.344,-0.462,-0.206,0.0410362086315751,-271.79,0.316,1177.3
cos_bnc_log_cooccurrence_None_r1,m_RT ~ country +  Letters_n + logBNC,-0.473,-0.601,-0.31,0.0332497265465534,-667.24,0.004,1169.6
cos_bnc_log_cooccurrence_None_r10,m_RT ~ country +  Letters_n + logBNC,-0.459,-0.584,-0.332,0.0269504877065445,-589.13,0.005,1170.1
cos_bnc_log_cooccurrence_None_r3,m_RT ~ country +  Letters_n + logBNC,-0.479,-0.614,-0.344,0.0414215343871884,-743.23,0.001,1167.2
cos_bnc_log_cooccurrence_None_r5,m_RT ~ country +  Letters_n + logBNC,-0.472,-0.593,-0.339,0.0329032176883581,-673.28,0.002,1168.4
cos_bnc_pmi_None_r1,m_RT ~ country +  Letters_n + logBNC,-0.479,-0.598,-0.332,0.123743633946069,-2234.1,0.021,1172.7
cos_bnc_pmi_None_r10,m_RT ~ country +  Letters_n + logBNC,-0.067,-0.294,0.127,-0.0491166378598147,267.8,0.686,1178.2
cos_bnc_pmi_None_r3,m_RT ~ country +  Letters_n + logBNC,-0.305,-0.485,-0.118,0.0232257342902481,-930.32,0.236,1176.8
cos_bnc_pmi_None_r5,m_RT ~ country +  Letters_n + logBNC,-0.217,-0.416,-0.016,-0.0162884999415336,-518.1,0.462,1177.8
cos_bnc_ppmi_None_r1,m_RT ~ country +  Letters_n + logBNC,-0.408,-0.527,-0.252,0.103684026188819,-1943.55,0.12,1175.8
cos_bnc_ppmi_None_r10,m_RT ~ country +  Letters_n + logBNC,0.073,-0.106,0.25,-0.0856575440140172,1413.08,0.127,1175.9
cos_bnc_ppmi_None_r3,m_RT ~ country +  Letters_n + logBNC,-0.195,-0.411,0.018,-0.0231372570190509,-417.3,0.714,1178.2
cos_bnc_ppmi_None_r5,m_RT ~ country +  Letters_n + logBNC,-0.102,-0.324,0.114,-0.0624863856726566,129.52,0.899,1178.3
cos_bnc_probability_ratios_None_r1,m_RT ~ country +  Letters_n + logBNC,-0.219,-0.374,-0.057,0.333348904010919,-54515.49,0.117,1175.7
cos_bnc_probability_ratios_None_r10,m_RT ~ country +  Letters_n + logBNC,0.104,-0.064,0.303,-0.068588225394362,8811.24,0.015,1172.1
cos_bnc_probability_ratios_None_r3,m_RT ~ country +  Letters_n + logBNC,0.163,-0.095,0.39,-0.136111206651138,7076.71,0.131,1175.9
cos_bnc_probability_ratios_None_r5,m_RT ~ country +  Letters_n + logBNC,0.064,-0.124,0.273,-0.199473818117041,8477.6,0.09,1175.3
cos_bnc_skipgram_100_r1,m_RT ~ country +  Letters_n + logBNC,-0.048,-0.237,0.131,-0.122485065221143,18.6,0.867,1178.3
cos_bnc_skipgram_100_r10,m_RT ~ country +  Letters_n + logBNC,0.149,-0.041,0.343,-0.234029021306593,258.17,0.078,1175
cos_bnc_skipgram_100_r3,m_RT ~ country +  Letters_n + logBNC,0.04,-0.18,0.248,-0.151092932201463,112.48,0.35,1177.4
cos_bnc_skipgram_100_r5,m_RT ~ country +  Letters_n + logBNC,0.113,-0.078,0.339,-0.123165349436858,208.2,0.122,1175.8
cos_bnc_skipgram_200_r1,m_RT ~ country +  Letters_n + logBNC,-0.075,-0.304,0.105,-0.110911614056671,-9.02,0.944,1178.3
cos_bnc_skipgram_200_r10,m_RT ~ country +  Letters_n + logBNC,0.005,-0.192,0.223,-0.149625414994742,189.21,0.223,1176.8
cos_bnc_skipgram_200_r3,m_RT ~ country +  Letters_n + logBNC,-0.058,-0.259,0.151,-0.0706932247492045,26.64,0.834,1178.3
cos_bnc_skipgram_200_r5,m_RT ~ country +  Letters_n + logBNC,-0.037,-0.217,0.151,-0.135473885018556,75.72,0.566,1178
cos_bnc_skipgram_300_r1,m_RT ~ country +  Letters_n + logBNC,-0.003,-0.188,0.17,-0.14665478112281,60.65,0.67,1178.1
cos_bnc_skipgram_300_r10,m_RT ~ country +  Letters_n + logBNC,-0.036,-0.254,0.188,-0.101958550760447,194.14,0.237,1176.8
cos_bnc_skipgram_300_r3,m_RT ~ country +  Letters_n + logBNC,-0.053,-0.272,0.166,-0.129122571442016,39.36,0.781,1178.2
cos_bnc_skipgram_300_r5,m_RT ~ country +  Letters_n + logBNC,-0.09,-0.294,0.121,-0.0836890059695204,72.34,0.623,1178.1
cos_bnc_skipgram_50_r1,m_RT ~ country +  Letters_n + logBNC,-0.027,-0.227,0.188,-0.092536800029624,32.24,0.768,1178.2
cos_bnc_skipgram_50_r10,m_RT ~ country +  Letters_n + logBNC,0.176,-0.048,0.381,-0.191096628000312,229.59,0.066,1174.7
cos_bnc_skipgram_50_r3,m_RT ~ country +  Letters_n + logBNC,0.104,-0.116,0.323,-0.181288439285963,101.01,0.379,1177.5
cos_bnc_skipgram_50_r5,m_RT ~ country +  Letters_n + logBNC,0.203,0.007,0.411,-0.105823493380554,157.22,0.192,1176.5
cos_bnc_skipgram_500_r1,m_RT ~ country +  Letters_n + logBNC,-0.009,-0.208,0.197,-0.135789559455613,29.55,0.846,1178.3
cos_bnc_skipgram_500_r10,m_RT ~ country +  Letters_n + logBNC,-0.124,-0.321,0.059,-0.0882491026326391,117.67,0.511,1177.9
cos_bnc_skipgram_500_r3,m_RT ~ country +  Letters_n + logBNC,-0.031,-0.25,0.172,-0.0691983046165164,93.99,0.554,1178
cos_bnc_skipgram_500_r5,m_RT ~ country +  Letters_n + logBNC,-0.113,-0.3,0.07,-0.113321927131099,97.54,0.562,1178
euc_bnc_cbow_100_r1,m_RT ~ country +  Letters_n + logBNC,-0.025,-0.248,0.194,-0.0552018218268491,9.04,0.512,1177.9
euc_bnc_cbow_100_r10,m_RT ~ country +  Letters_n + logBNC,0.5,0.328,0.659,-0.140656346870531,14.7,0,1162.1
euc_bnc_cbow_100_r3,m_RT ~ country +  Letters_n + logBNC,0.252,0.065,0.423,-0.140622490963867,16.91,0.018,1172.4
euc_bnc_cbow_100_r5,m_RT ~ country +  Letters_n + logBNC,0.369,0.149,0.535,-0.163609967059921,16.73,0.002,1168.4
euc_bnc_cbow_200_r1,m_RT ~ country +  Letters_n + logBNC,0.075,-0.11,0.268,-0.0736075449419278,13.09,0.356,1177.4
euc_bnc_cbow_200_r10,m_RT ~ country +  Letters_n + logBNC,0.496,0.34,0.646,-0.143321578382559,15.05,0,1163.3
euc_bnc_cbow_200_r3,m_RT ~ country +  Letters_n + logBNC,0.314,0.131,0.477,-0.119354842776095,19.27,0.012,1171.6
euc_bnc_cbow_200_r5,m_RT ~ country +  Letters_n + logBNC,0.469,0.307,0.608,-0.148417916859875,19.81,0,1164
euc_bnc_cbow_300_r1,m_RT ~ country +  Letters_n + logBNC,0.083,-0.099,0.277,-0.0618625230518681,12.21,0.423,1177.6
euc_bnc_cbow_300_r10,m_RT ~ country +  Letters_n + logBNC,0.474,0.313,0.619,-0.142343830303741,14.53,0,1164.5
euc_bnc_cbow_300_r3,m_RT ~ country +  Letters_n + logBNC,0.31,0.114,0.496,-0.11965570245022,18.77,0.014,1171.9
euc_bnc_cbow_300_r5,m_RT ~ country +  Letters_n + logBNC,0.425,0.267,0.579,-0.149915199432183,18.73,0.001,1166.3
euc_bnc_cbow_50_r1,m_RT ~ country +  Letters_n + logBNC,-0.026,-0.26,0.228,-0.0910344536261158,9.4,0.475,1177.8
euc_bnc_cbow_50_r10,m_RT ~ country +  Letters_n + logBNC,0.475,0.302,0.608,-0.158130349034365,13.37,0,1164.5
euc_bnc_cbow_50_r3,m_RT ~ country +  Letters_n + logBNC,0.234,0.044,0.412,-0.145544903731832,16.52,0.016,1172.2
euc_bnc_cbow_50_r5,m_RT ~ country +  Letters_n + logBNC,0.367,0.183,0.551,-0.151754528850151,15.19,0.002,1168.2
euc_bnc_cbow_500_r1,m_RT ~ country +  Letters_n + logBNC,0.089,-0.146,0.312,-0.0572121531201203,10.73,0.491,1177.8
euc_bnc_cbow_500_r10,m_RT ~ country +  Letters_n + logBNC,0.494,0.329,0.631,-0.132335429741104,15.11,0,1162.9
euc_bnc_cbow_500_r3,m_RT ~ country +  Letters_n + logBNC,0.376,0.204,0.532,-0.125942314124742,21.99,0.004,1169.5
euc_bnc_cbow_500_r5,m_RT ~ country +  Letters_n + logBNC,0.448,0.258,0.578,-0.160105496182976,20.4,0,1165
euc_bnc_conditional_probability_None_r1,m_RT ~ country +  Letters_n + logBNC,-0.033,-0.235,0.17,0.00305288174847263,437.8,0.278,1177.1
euc_bnc_conditional_probability_None_r10,m_RT ~ country +  Letters_n + logBNC,-0.435,-0.561,-0.3,0.0385669852084101,-3899.65,0.036,1173.6
euc_bnc_conditional_probability_None_r3,m_RT ~ country +  Letters_n + logBNC,-0.424,-0.554,-0.262,0.0320727536835918,-1691.88,0.109,1175.6
euc_bnc_conditional_probability_None_r5,m_RT ~ country +  Letters_n + logBNC,-0.457,-0.584,-0.303,0.0368925389206372,-3103.15,0.033,1173.5
euc_bnc_log_cooccurrence_None_r1,m_RT ~ country +  Letters_n + logBNC,-0.133,-0.31,0.035,0.0730943275264226,-3.81,0.002,1168
euc_bnc_log_cooccurrence_None_r10,m_RT ~ country +  Letters_n + logBNC,-0.299,-0.48,-0.087,0.0994755816630588,-1.24,0.006,1170.3
euc_bnc_log_cooccurrence_None_r3,m_RT ~ country +  Letters_n + logBNC,-0.229,-0.434,0,0.0993136027230096,-2.17,0.003,1169
euc_bnc_log_cooccurrence_None_r5,m_RT ~ country +  Letters_n + logBNC,-0.268,-0.435,-0.066,0.100645639722911,-1.69,0.004,1169.6
euc_bnc_pmi_None_r1,m_RT ~ country +  Letters_n + logBNC,-0.154,-0.279,-0.012,0.0378859757124619,-0.55,0,1163.1
euc_bnc_pmi_None_r10,m_RT ~ country +  Letters_n + logBNC,-0.029,-0.195,0.168,0.0251537460813086,-0.51,0.001,1166.5
euc_bnc_pmi_None_r3,m_RT ~ country +  Letters_n + logBNC,-0.104,-0.251,0.049,0.031150710096384,-0.56,0,1163.9
euc_bnc_pmi_None_r5,m_RT ~ country +  Letters_n + logBNC,-0.084,-0.251,0.076,0.0283245923721428,-0.55,0,1164.4
euc_bnc_ppmi_None_r1,m_RT ~ country +  Letters_n + logBNC,-0.155,-0.306,0.012,0.0356205440516944,-0.54,0,1163.3
euc_bnc_ppmi_None_r10,m_RT ~ country +  Letters_n + logBNC,-0.031,-0.185,0.155,0.0245470395384678,-0.53,0.001,1166.6
euc_bnc_ppmi_None_r3,m_RT ~ country +  Letters_n + logBNC,-0.105,-0.26,0.056,0.0294215333650434,-0.57,0,1164
euc_bnc_ppmi_None_r5,m_RT ~ country +  Letters_n + logBNC,-0.085,-0.217,0.035,0.026932301316599,-0.55,0,1164.5
euc_bnc_probability_ratios_None_r1,m_RT ~ country +  Letters_n + logBNC,-0.468,-0.573,-0.348,0.00260279680992484,0,0.003,1168.9
euc_bnc_probability_ratios_None_r10,m_RT ~ country +  Letters_n + logBNC,-0.396,-0.539,-0.257,0.00459673140755428,0,0.047,1174.1
euc_bnc_probability_ratios_None_r3,m_RT ~ country +  Letters_n + logBNC,-0.426,-0.541,-0.297,0.00272372780572816,0,0.017,1172.3
euc_bnc_probability_ratios_None_r5,m_RT ~ country +  Letters_n + logBNC,-0.412,-0.541,-0.287,0.00330705723498784,0,0.029,1173.3
euc_bnc_skipgram_100_r1,m_RT ~ country +  Letters_n + logBNC,0.017,-0.182,0.186,-0.0903059370307614,23.39,0.284,1177.1
euc_bnc_skipgram_100_r10,m_RT ~ country +  Letters_n + logBNC,0.132,-0.021,0.324,-0.157779335744934,119.78,0.001,1167.5
euc_bnc_skipgram_100_r3,m_RT ~ country +  Letters_n + logBNC,0.123,-0.107,0.344,-0.101645425254499,57.23,0.025,1173
euc_bnc_skipgram_100_r5,m_RT ~ country +  Letters_n + logBNC,0.149,-0.078,0.354,-0.072681039060869,76.59,0.007,1170.7
euc_bnc_skipgram_200_r1,m_RT ~ country +  Letters_n + logBNC,-0.003,-0.192,0.216,-0.0718163865927805,17.54,0.41,1177.6
euc_bnc_skipgram_200_r10,m_RT ~ country +  Letters_n + logBNC,-0.085,-0.293,0.115,-0.0738808547969444,76.82,0.024,1172.9
euc_bnc_skipgram_200_r3,m_RT ~ country +  Letters_n + logBNC,0.004,-0.212,0.231,-0.036433051790464,34.55,0.127,1175.9
euc_bnc_skipgram_200_r5,m_RT ~ country +  Letters_n + logBNC,-0.02,-0.255,0.181,-0.0742488990015853,49.17,0.065,1174.7
euc_bnc_skipgram_300_r1,m_RT ~ country +  Letters_n + logBNC,0.062,-0.16,0.285,-0.0870039383908926,24.25,0.245,1176.9
euc_bnc_skipgram_300_r10,m_RT ~ country +  Letters_n + logBNC,-0.177,-0.348,0.022,-0.0376331748380435,50.47,0.092,1175.3
euc_bnc_skipgram_300_r3,m_RT ~ country +  Letters_n + logBNC,0.024,-0.179,0.255,-0.0615796197366888,33.54,0.116,1175.7
euc_bnc_skipgram_300_r5,m_RT ~ country +  Letters_n + logBNC,-0.083,-0.269,0.119,-0.0370057766113786,36.42,0.125,1175.8
euc_bnc_skipgram_50_r1,m_RT ~ country +  Letters_n + logBNC,0.032,-0.189,0.277,-0.0705216731759183,24.83,0.274,1177.1
euc_bnc_skipgram_50_r10,m_RT ~ country +  Letters_n + logBNC,0.172,-0.032,0.34,-0.138550026188446,91.58,0.005,1170.1
euc_bnc_skipgram_50_r3,m_RT ~ country +  Letters_n + logBNC,0.191,0.01,0.362,-0.135104952823161,57.33,0.034,1173.6
euc_bnc_skipgram_50_r5,m_RT ~ country +  Letters_n + logBNC,0.267,0.082,0.437,-0.0780106944332751,71.08,0.013,1171.8
euc_bnc_skipgram_500_r1,m_RT ~ country +  Letters_n + logBNC,0.06,-0.143,0.274,-0.0809696113752722,20.95,0.339,1177.4
euc_bnc_skipgram_500_r10,m_RT ~ country +  Letters_n + logBNC,-0.272,-0.462,-0.093,-0.0259203022124023,23.72,0.382,1177.5
euc_bnc_skipgram_500_r3,m_RT ~ country +  Letters_n + logBNC,0.032,-0.163,0.233,-0.0297080982483717,34.49,0.081,1175.1
euc_bnc_skipgram_500_r5,m_RT ~ country +  Letters_n + logBNC,-0.09,-0.294,0.101,-0.03986384210067,31.93,0.115,1175.7
cor_bnc_cbow_100_r1,m_RT ~ country +  Letters_n + logBNC,-0.102,-0.306,0.112,-0.0687240925765123,-52.19,0.601,1178
cor_bnc_cbow_100_r10,m_RT ~ country +  Letters_n + logBNC,0.21,0.024,0.397,-0.190914442484067,75.42,0.277,1177.1
cor_bnc_cbow_100_r3,m_RT ~ country +  Letters_n + logBNC,0.111,-0.088,0.304,-0.16597481500349,41.74,0.526,1177.9
cor_bnc_cbow_100_r5,m_RT ~ country +  Letters_n + logBNC,0.127,-0.064,0.292,-0.196263375059093,44.31,0.519,1177.9
cor_bnc_cbow_200_r1,m_RT ~ country +  Letters_n + logBNC,-0.062,-0.264,0.115,-0.0814268651674411,-47.19,0.661,1178.1
cor_bnc_cbow_200_r10,m_RT ~ country +  Letters_n + logBNC,0.191,-0.033,0.385,-0.194377476545754,61.54,0.396,1177.6
cor_bnc_cbow_200_r3,m_RT ~ country +  Letters_n + logBNC,0.121,-0.071,0.333,-0.15748228378205,41.45,0.606,1178
cor_bnc_cbow_200_r5,m_RT ~ country +  Letters_n + logBNC,0.224,0.052,0.402,-0.209288294816273,92.51,0.221,1176.7
cor_bnc_cbow_300_r1,m_RT ~ country +  Letters_n + logBNC,-0.064,-0.277,0.118,-0.0823406389013217,-62.84,0.59,1178
cor_bnc_cbow_300_r10,m_RT ~ country +  Letters_n + logBNC,0.184,-0.036,0.364,-0.203385495041695,75.2,0.312,1177.2
cor_bnc_cbow_300_r3,m_RT ~ country +  Letters_n + logBNC,0.096,-0.12,0.304,-0.156911391571155,33.3,0.665,1178.1
cor_bnc_cbow_300_r5,m_RT ~ country +  Letters_n + logBNC,0.165,-0.083,0.398,-0.192892177665884,62.33,0.376,1177.5
cor_bnc_cbow_50_r1,m_RT ~ country +  Letters_n + logBNC,-0.02,-0.21,0.188,-0.114649046991541,6,0.938,1178.3
cor_bnc_cbow_50_r10,m_RT ~ country +  Letters_n + logBNC,0.194,0.029,0.373,-0.190015508993938,54.72,0.327,1177.3
cor_bnc_cbow_50_r3,m_RT ~ country +  Letters_n + logBNC,0.075,-0.131,0.299,-0.178100006452213,40.95,0.507,1177.9
cor_bnc_cbow_50_r5,m_RT ~ country +  Letters_n + logBNC,0.162,-0.046,0.329,-0.197444241993504,58.5,0.299,1177.2
cor_bnc_cbow_500_r1,m_RT ~ country +  Letters_n + logBNC,-0.069,-0.275,0.126,-0.0772756860768509,-80.4,0.494,1177.8
cor_bnc_cbow_500_r10,m_RT ~ country +  Letters_n + logBNC,0.185,-0.03,0.404,-0.188612554966859,75.01,0.306,1177.2
cor_bnc_cbow_500_r3,m_RT ~ country +  Letters_n + logBNC,0.163,-0.031,0.345,-0.184887989103339,60.88,0.466,1177.8
cor_bnc_cbow_500_r5,m_RT ~ country +  Letters_n + logBNC,0.199,0.008,0.399,-0.224532678659428,95.89,0.219,1176.7
cor_bnc_conditional_probability_None_r1,m_RT ~ country +  Letters_n + logBNC,-0.334,-0.496,-0.162,0.011047223274121,-63.8,0.441,1177.7
cor_bnc_conditional_probability_None_r10,m_RT ~ country +  Letters_n + logBNC,-0.358,-0.485,-0.214,0.0334326049021723,-618.85,0.145,1176.1
cor_bnc_conditional_probability_None_r3,m_RT ~ country +  Letters_n + logBNC,-0.336,-0.494,-0.194,0.0362855552141595,-120.3,0.47,1177.8
cor_bnc_conditional_probability_None_r5,m_RT ~ country +  Letters_n + logBNC,-0.344,-0.459,-0.224,0.0410356590081035,-271.68,0.317,1177.3
cor_bnc_log_cooccurrence_None_r1,m_RT ~ country +  Letters_n + logBNC,-0.475,-0.617,-0.287,0.0321496021528788,-673.2,0.004,1169.4
cor_bnc_log_cooccurrence_None_r10,m_RT ~ country +  Letters_n + logBNC,-0.461,-0.567,-0.315,0.0248226436291993,-599.33,0.005,1170
cor_bnc_log_cooccurrence_None_r3,m_RT ~ country +  Letters_n + logBNC,-0.482,-0.615,-0.358,0.0402642734092449,-750.83,0.001,1167
cor_bnc_log_cooccurrence_None_r5,m_RT ~ country +  Letters_n + logBNC,-0.474,-0.603,-0.337,0.0314147261086757,-682.59,0.002,1168.2
cor_bnc_pmi_None_r1,m_RT ~ country +  Letters_n + logBNC,-0.492,-0.62,-0.345,0.125040172529151,-2504.15,0.011,1171.5
cor_bnc_pmi_None_r10,m_RT ~ country +  Letters_n + logBNC,-0.055,-0.297,0.178,-0.0636729174436595,74.32,0.91,1178.3
cor_bnc_pmi_None_r3,m_RT ~ country +  Letters_n + logBNC,-0.309,-0.478,-0.109,0.0185160118826612,-1084.3,0.169,1176.3
cor_bnc_pmi_None_r5,m_RT ~ country +  Letters_n + logBNC,-0.215,-0.38,-0.003,-0.0247539439734487,-667.64,0.343,1177.4
cor_bnc_ppmi_None_r1,m_RT ~ country +  Letters_n + logBNC,-0.419,-0.56,-0.285,0.103427783633201,-2346.61,0.07,1174.8
cor_bnc_ppmi_None_r10,m_RT ~ country +  Letters_n + logBNC,0.143,-0.085,0.326,-0.119135127889056,1007,0.274,1177.1
cor_bnc_ppmi_None_r3,m_RT ~ country +  Letters_n + logBNC,-0.176,-0.387,0.052,-0.0395713407207588,-732.04,0.525,1177.9
cor_bnc_ppmi_None_r5,m_RT ~ country +  Letters_n + logBNC,-0.066,-0.286,0.16,-0.0866563440078693,-197.05,0.847,1178.3
cor_bnc_probability_ratios_None_r1,m_RT ~ country +  Letters_n + logBNC,-0.35,-0.462,-0.246,0.26903074941367,-191865.96,0,1155.2
cor_bnc_probability_ratios_None_r10,m_RT ~ country +  Letters_n + logBNC,0.251,0.045,0.444,-0.169686355626178,8016.3,0.049,1174.2
cor_bnc_probability_ratios_None_r3,m_RT ~ country +  Letters_n + logBNC,0.186,-0.022,0.365,-0.176322397035146,5093.55,0.28,1177.1
cor_bnc_probability_ratios_None_r5,m_RT ~ country +  Letters_n + logBNC,0.121,-0.084,0.297,-0.282733335898993,5407.52,0.285,1177.1
cor_bnc_skipgram_100_r1,m_RT ~ country +  Letters_n + logBNC,-0.024,-0.244,0.186,-0.12125311392306,25.23,0.818,1178.3
cor_bnc_skipgram_100_r10,m_RT ~ country +  Letters_n + logBNC,0.147,-0.063,0.309,-0.241976221037885,268.66,0.064,1174.7
cor_bnc_skipgram_100_r3,m_RT ~ country +  Letters_n + logBNC,0.043,-0.17,0.264,-0.155877051679834,115.3,0.336,1177.3
cor_bnc_skipgram_100_r5,m_RT ~ country +  Letters_n + logBNC,0.123,-0.112,0.282,-0.138198452529051,222.44,0.096,1175.4
cor_bnc_skipgram_200_r1,m_RT ~ country +  Letters_n + logBNC,-0.071,-0.286,0.144,-0.116325934833354,-0.09,0.999,1178.3
cor_bnc_skipgram_200_r10,m_RT ~ country +  Letters_n + logBNC,0.005,-0.217,0.191,-0.150286262594135,189.18,0.223,1176.8
cor_bnc_skipgram_200_r3,m_RT ~ country +  Letters_n + logBNC,-0.056,-0.238,0.132,-0.0732513446887955,27.41,0.83,1178.3
cor_bnc_skipgram_200_r5,m_RT ~ country +  Letters_n + logBNC,-0.037,-0.243,0.195,-0.13374431668317,78.38,0.553,1178
cor_bnc_skipgram_300_r1,m_RT ~ country +  Letters_n + logBNC,0.001,-0.206,0.199,-0.151801554100893,69.85,0.626,1178.1
cor_bnc_skipgram_300_r10,m_RT ~ country +  Letters_n + logBNC,-0.031,-0.246,0.19,-0.101932631832423,204.11,0.22,1176.7
cor_bnc_skipgram_300_r3,m_RT ~ country +  Letters_n + logBNC,-0.053,-0.271,0.177,-0.128306715451273,39.67,0.78,1178.2
cor_bnc_skipgram_300_r5,m_RT ~ country +  Letters_n + logBNC,-0.093,-0.311,0.125,-0.0870446586119433,74.28,0.619,1178.1
cor_bnc_skipgram_50_r1,m_RT ~ country +  Letters_n + logBNC,-0.098,-0.307,0.12,-0.0952439092690531,-11.69,0.914,1178.3
cor_bnc_skipgram_50_r10,m_RT ~ country +  Letters_n + logBNC,0.178,-0.01,0.375,-0.205685432625185,223.6,0.066,1174.8
cor_bnc_skipgram_50_r3,m_RT ~ country +  Letters_n + logBNC,0.105,-0.079,0.304,-0.182916434766251,88.54,0.439,1177.7
cor_bnc_skipgram_50_r5,m_RT ~ country +  Letters_n + logBNC,0.212,0.036,0.406,-0.0903020610595857,149.15,0.207,1176.6
cor_bnc_skipgram_500_r1,m_RT ~ country +  Letters_n + logBNC,-0.009,-0.196,0.202,-0.135194962394886,28.9,0.849,1178.3
cor_bnc_skipgram_500_r10,m_RT ~ country +  Letters_n + logBNC,-0.118,-0.295,0.101,-0.0884591598273269,134.05,0.453,1177.7
cor_bnc_skipgram_500_r3,m_RT ~ country +  Letters_n + logBNC,-0.029,-0.232,0.176,-0.0705127933122615,95.86,0.545,1177.9
cor_bnc_skipgram_500_r5,m_RT ~ country +  Letters_n + logBNC,-0.111,-0.307,0.082,-0.113211603618436,98.3,0.557,1178
cor_llama_2_13b_chat_Q5_K_S_pairs,m_RT ~ country +  Letters_n + logBNC,-0.48,-0.607,-0.342,-0.013905122973941,-325.14,0.023,1172.8
cor_llama_2_13b_chat_Q5_K_S_pairs_names_Upper,m_RT ~ country +  Letters_n + logBNC,-0.51,-0.623,-0.394,-0.0167109922783401,-349.5,0.009,1171.2
cor_llama_2_7b_chat_Q4_K_M_pairs,m_RT ~ country +  Letters_n + logBNC,-0.527,-0.641,-0.367,0.0247334898088676,-470.14,0.001,1167.1
cor_llama_2_7b_chat_Q4_K_M_pairs_names_Upper,m_RT ~ country +  Letters_n + logBNC,-0.619,-0.721,-0.513,0.0052941979563628,-416.84,0,1155.8
cor_mistral_7b_v0_1_Q4_K_M_pairs,m_RT ~ country +  Letters_n + logBNC,-0.465,-0.592,-0.351,-0.00250731280508673,-448.15,0.015,1172
cor_mistral_7b_v0_1_Q4_K_M_pairs_names_Upper,m_RT ~ country +  Letters_n + logBNC,-0.589,-0.684,-0.48,0.00668072548873897,-561.31,0,1161.5
cos_llama_2_13b_chat_Q5_K_S_pairs,m_RT ~ country +  Letters_n + logBNC,-0.48,-0.598,-0.348,-0.0138898539856878,-325.88,0.022,1172.8
cos_llama_2_13b_chat_Q5_K_S_pairs_names_Upper,m_RT ~ country +  Letters_n + logBNC,-0.511,-0.607,-0.408,-0.0166614547277141,-350.17,0.009,1171.2
cos_llama_2_7b_chat_Q4_K_M_pairs,m_RT ~ country +  Letters_n + logBNC,-0.527,-0.646,-0.381,0.0248067222993508,-470.12,0.001,1167.1
cos_llama_2_7b_chat_Q4_K_M_pairs_names_Upper,m_RT ~ country +  Letters_n + logBNC,-0.619,-0.726,-0.482,0.00531946299137033,-416.96,0,1155.8
cos_mistral_7b_v0_1_Q4_K_M_pairs,m_RT ~ country +  Letters_n + logBNC,-0.463,-0.598,-0.312,-0.00259980142361993,-444.92,0.016,1172.1
cos_mistral_7b_v0_1_Q4_K_M_pairs_names_Upper,m_RT ~ country +  Letters_n + logBNC,-0.588,-0.697,-0.475,0.00661334630211045,-560.76,0,1161.6
euc_llama_2_13b_chat_Q5_K_S_pairs,m_RT ~ country +  Letters_n + logBNC,-0.375,-0.503,-0.251,-0.0187983453387059,-2.68,0.196,1176.6
euc_llama_2_13b_chat_Q5_K_S_pairs_names_Upper,m_RT ~ country +  Letters_n + logBNC,-0.443,-0.571,-0.297,-0.0209598886744024,-3.63,0.074,1174.9
euc_llama_2_7b_chat_Q4_K_M_pairs,m_RT ~ country +  Letters_n + logBNC,-0.264,-0.436,-0.068,0.0259036815500879,-0.24,0.859,1178.3
euc_llama_2_7b_chat_Q4_K_M_pairs_names_Upper,m_RT ~ country +  Letters_n + logBNC,-0.46,-0.611,-0.28,0.0144419218396562,-2.25,0.036,1173.7
euc_mistral_7b_v0_1_Q4_K_M_pairs,m_RT ~ country +  Letters_n + logBNC,-0.395,-0.534,-0.26,-0.000988465401822249,-1.02,0.024,1172.9
euc_mistral_7b_v0_1_Q4_K_M_pairs_names_Upper,m_RT ~ country +  Letters_n + logBNC,-0.597,-0.701,-0.49,0.0052161415008312,-1.69,0,1159.3
cor_glove_6B_300d_pairs,m_RT ~ country +  Letters_n + logBNC,-0.283,-0.438,-0.096,-0.0478412240573369,-141.21,0.273,1177.1
cos_glove_6B_300d_pairs,m_RT ~ country +  Letters_n + logBNC,-0.287,-0.443,-0.118,-0.0481560448273562,-143.25,0.267,1177
euc_glove_6B_300d_pairs,m_RT ~ country +  Letters_n + logBNC,-0.21,-0.382,-0.043,-0.0412384990143565,-20.13,0.397,1177.6
ukwac_conditional_probability_ngram_None_r1,m_RT ~ country +  Letters_n + logUKWAC,0.092,-0.122,0.292,0.0271214454865663,44876.8,0.083,1174.4
ukwac_conditional_probability_ngram_None_r10,m_RT ~ country +  Letters_n + logUKWAC,-0.492,-0.606,-0.357,0.109691763600968,-186017,0.004,1168.9
ukwac_conditional_probability_ngram_None_r3,m_RT ~ country +  Letters_n + logUKWAC,-0.284,-0.5,-0.001,0.101163140302284,-50110.2,0.41,1176.9
ukwac_conditional_probability_ngram_None_r5,m_RT ~ country +  Letters_n + logUKWAC,-0.417,-0.577,-0.226,0.117103834692769,-139864.44,0.039,1173.1
ukwac_log_ngram_None_r1,m_RT ~ country +  Letters_n + logUKWAC,0.185,-0.006,0.377,0.0391575172272416,-3.27,0.871,1177.5
ukwac_log_ngram_None_r10,m_RT ~ country +  Letters_n + logUKWAC,0.088,-0.097,0.243,-0.016809304944803,-26.04,0.329,1176.6
ukwac_log_ngram_None_r3,m_RT ~ country +  Letters_n + logUKWAC,0.088,-0.097,0.284,0.0259166115636328,-21.65,0.351,1176.7
ukwac_log_ngram_None_r5,m_RT ~ country +  Letters_n + logUKWAC,0.105,-0.058,0.249,-0.00709846232625033,-19.74,0.435,1176.9
ukwac_pmi_ngram_None_r1,m_RT ~ country +  Letters_n + logUKWAC,0.082,-0.111,0.286,0.0563383429053963,10.49,0.11,1174.9
ukwac_pmi_ngram_None_r10,m_RT ~ country +  Letters_n + logUKWAC,-0.052,-0.286,0.14,-0.0284690015177858,19.54,0.038,1173
ukwac_pmi_ngram_None_r3,m_RT ~ country +  Letters_n + logUKWAC,-0.039,-0.253,0.167,0.0337149722543696,11.15,0.124,1175.1
ukwac_pmi_ngram_None_r5,m_RT ~ country +  Letters_n + logUKWAC,-0.021,-0.202,0.173,-0.012637953643886,17.02,0.042,1173.2
ukwac_ppmi_ngram_None_r1,m_RT ~ country +  Letters_n + logUKWAC,0.246,0.077,0.412,-0.00888682086515142,22.74,0.02,1171.9
ukwac_ppmi_ngram_None_r10,m_RT ~ country +  Letters_n + logUKWAC,0.047,-0.167,0.272,0.0010423110288629,31.06,0.067,1174
ukwac_ppmi_ngram_None_r3,m_RT ~ country +  Letters_n + logUKWAC,0.174,-0.027,0.37,-0.0064192314476255,34.24,0.011,1170.7
ukwac_ppmi_ngram_None_r5,m_RT ~ country +  Letters_n + logUKWAC,0.114,-0.109,0.316,0.0068901443405643,31.51,0.036,1172.9
ukwac_probability_ratio_ngram_None_r1,m_RT ~ country +  Letters_n + logUKWAC,0.199,0.033,0.359,0.00129435706301165,3.05,0.019,1171.7
ukwac_probability_ratio_ngram_None_r10,m_RT ~ country +  Letters_n + logUKWAC,0.079,-0.175,0.275,0.00517510658670565,20.89,0.021,1171.9
ukwac_probability_ratio_ngram_None_r3,m_RT ~ country +  Letters_n + logUKWAC,0.154,-0.054,0.308,0.0178113536529935,8.12,0.025,1172.3
ukwac_probability_ratio_ngram_None_r5,m_RT ~ country +  Letters_n + logUKWAC,0.134,-0.076,0.337,0.0122009302409328,13.06,0.022,1172
cos_ukwac_cbow_100_r1,m_RT ~ country +  Letters_n + logUKWAC,-0.067,-0.293,0.151,0.0322487205717781,-21.89,0.827,1177.5
cos_ukwac_cbow_100_r10,m_RT ~ country +  Letters_n + logUKWAC,-0.144,-0.332,0.058,-0.0228103517998902,-178.81,0.031,1172.6
cos_ukwac_cbow_100_r3,m_RT ~ country +  Letters_n + logUKWAC,-0.072,-0.224,0.133,0.0258316611366867,-76.65,0.412,1176.9
cos_ukwac_cbow_100_r5,m_RT ~ country +  Letters_n + logUKWAC,-0.133,-0.315,0.052,0.00172402487680297,-140.54,0.095,1174.6
cos_ukwac_cbow_200_r1,m_RT ~ country +  Letters_n + logUKWAC,-0.118,-0.312,0.121,0.0366118251080361,-87.16,0.444,1177
cos_ukwac_cbow_200_r10,m_RT ~ country +  Letters_n + logUKWAC,-0.149,-0.336,0.067,-0.0238497314010873,-191.61,0.039,1173.1
cos_ukwac_cbow_200_r3,m_RT ~ country +  Letters_n + logUKWAC,-0.12,-0.325,0.058,0.0593560926163741,-124.86,0.236,1176.1
cos_ukwac_cbow_200_r5,m_RT ~ country +  Letters_n + logUKWAC,-0.17,-0.356,0.007,0.0380357010631356,-191.67,0.043,1173.3
cos_ukwac_cbow_300_r1,m_RT ~ country +  Letters_n + logUKWAC,-0.146,-0.282,0.011,0.00175841997964565,-109.77,0.404,1176.8
cos_ukwac_cbow_300_r10,m_RT ~ country +  Letters_n + logUKWAC,-0.163,-0.345,0.006,-0.00585232968182278,-215.35,0.04,1173.1
cos_ukwac_cbow_300_r3,m_RT ~ country +  Letters_n + logUKWAC,-0.12,-0.287,0.058,0.0547402523046566,-129.28,0.237,1176.1
cos_ukwac_cbow_300_r5,m_RT ~ country +  Letters_n + logUKWAC,-0.191,-0.386,-0.012,0.0285826879589447,-215.98,0.035,1172.9
cos_ukwac_cbow_50_r1,m_RT ~ country +  Letters_n + logUKWAC,0.006,-0.202,0.196,0.0665339164037034,-10.08,0.915,1177.6
cos_ukwac_cbow_50_r10,m_RT ~ country +  Letters_n + logUKWAC,0.028,-0.168,0.24,-0.00666433781707156,-72.55,0.26,1176.2
cos_ukwac_cbow_50_r3,m_RT ~ country +  Letters_n + logUKWAC,-0.037,-0.238,0.157,0.0835781349266445,-80.22,0.315,1176.5
cos_ukwac_cbow_50_r5,m_RT ~ country +  Letters_n + logUKWAC,0.002,-0.212,0.197,0.0254046524237181,-67.58,0.329,1176.6
cos_ukwac_cbow_500_r1,m_RT ~ country +  Letters_n + logUKWAC,-0.152,-0.35,0.029,0.00791529438525184,-63.15,0.694,1177.4
cos_ukwac_cbow_500_r10,m_RT ~ country +  Letters_n + logUKWAC,-0.01,-0.225,0.156,0.0471349633125821,-166.12,0.173,1175.6
cos_ukwac_cbow_500_r3,m_RT ~ country +  Letters_n + logUKWAC,-0.088,-0.288,0.102,0.0785191643712475,-64.84,0.615,1177.3
cos_ukwac_cbow_500_r5,m_RT ~ country +  Letters_n + logUKWAC,0.055,-0.156,0.261,0.0394996052578931,-64.86,0.583,1177.3
cos_ukwac_conditional_probability_None_r1,m_RT ~ country +  Letters_n + logUKWAC,-0.535,-0.646,-0.431,0.00158614690415534,-272.15,0.004,1168.8
cos_ukwac_conditional_probability_None_r10,m_RT ~ country +  Letters_n + logUKWAC,0.215,0.008,0.4,0.0609173550206644,777.25,0.07,1174.1
cos_ukwac_conditional_probability_None_r3,m_RT ~ country +  Letters_n + logUKWAC,-0.077,-0.279,0.097,0.0355887697346294,181.02,0.374,1176.7
cos_ukwac_conditional_probability_None_r5,m_RT ~ country +  Letters_n + logUKWAC,0.113,-0.121,0.311,0.0578884920830482,523.7,0.087,1174.5
cos_ukwac_log_cooccurrence_None_r1,m_RT ~ country +  Letters_n + logUKWAC,-0.336,-0.487,-0.16,0.0988954538068861,-294,0.257,1176.2
cos_ukwac_log_cooccurrence_None_r10,m_RT ~ country +  Letters_n + logUKWAC,-0.212,-0.396,0.003,0.129856669962366,-353.52,0.168,1175.6
cos_ukwac_log_cooccurrence_None_r3,m_RT ~ country +  Letters_n + logUKWAC,-0.271,-0.436,-0.084,0.112604420931223,-294.18,0.275,1176.3
cos_ukwac_log_cooccurrence_None_r5,m_RT ~ country +  Letters_n + logUKWAC,-0.271,-0.449,-0.097,0.120547635360131,-363.51,0.17,1175.6
cos_ukwac_pmi_None_r1,m_RT ~ country +  Letters_n + logUKWAC,-0.152,-0.301,-0.001,0.0668425567091773,-763.43,0.372,1176.7
cos_ukwac_pmi_None_r10,m_RT ~ country +  Letters_n + logUKWAC,0.101,-0.08,0.263,0.0142674369612284,-182.46,0.848,1177.5
cos_ukwac_pmi_None_r3,m_RT ~ country +  Letters_n + logUKWAC,0.019,-0.191,0.227,0.0219502662196232,-688.16,0.478,1177
cos_ukwac_pmi_None_r5,m_RT ~ country +  Letters_n + logUKWAC,0.067,-0.11,0.263,0.0227152751775489,-509.1,0.602,1177.3
cos_ukwac_ppmi_None_r1,m_RT ~ country +  Letters_n + logUKWAC,0.131,-0.022,0.282,0.100175949091897,984.1,0.442,1177
cos_ukwac_ppmi_None_r10,m_RT ~ country +  Letters_n + logUKWAC,0.244,0.099,0.403,0.0439294225224626,1728.96,0.231,1176.1
cos_ukwac_ppmi_None_r3,m_RT ~ country +  Letters_n + logUKWAC,0.268,0.124,0.425,0.0540385161576885,1639.36,0.32,1176.5
cos_ukwac_ppmi_None_r5,m_RT ~ country +  Letters_n + logUKWAC,0.262,0.11,0.438,0.0546330978219946,1609.51,0.309,1176.5
cos_ukwac_probability_ratios_None_r1,m_RT ~ country +  Letters_n + logUKWAC,0.202,0.074,0.326,0.0263712349572332,71411.22,0.027,1172.4
cos_ukwac_probability_ratios_None_r10,m_RT ~ country +  Letters_n + logUKWAC,0.025,-0.115,0.159,0.0842981516405982,6796.89,0.117,1175
cos_ukwac_probability_ratios_None_r3,m_RT ~ country +  Letters_n + logUKWAC,0.014,-0.137,0.174,0.124131712996708,8854.02,0.425,1176.9
cos_ukwac_probability_ratios_None_r5,m_RT ~ country +  Letters_n + logUKWAC,-0.002,-0.18,0.171,0.13966627833182,5733.38,0.39,1176.8
cos_ukwac_skipgram_100_r1,m_RT ~ country +  Letters_n + logUKWAC,-0.004,-0.196,0.183,0.00412401018863477,15.44,0.892,1177.6
cos_ukwac_skipgram_100_r10,m_RT ~ country +  Letters_n + logUKWAC,0.281,0.112,0.457,-0.00546524990083574,135.04,0.312,1176.5
cos_ukwac_skipgram_100_r3,m_RT ~ country +  Letters_n + logUKWAC,0.131,-0.062,0.308,0.000589962947880633,90.36,0.46,1177
cos_ukwac_skipgram_100_r5,m_RT ~ country +  Letters_n + logUKWAC,0.141,-0.071,0.312,-0.00849252758213268,63.03,0.621,1177.3
cos_ukwac_skipgram_200_r1,m_RT ~ country +  Letters_n + logUKWAC,-0.037,-0.28,0.164,0.0174356553580037,-62.65,0.613,1177.3
cos_ukwac_skipgram_200_r10,m_RT ~ country +  Letters_n + logUKWAC,0.113,-0.072,0.327,0.0596724169613107,-38.32,0.786,1177.5
cos_ukwac_skipgram_200_r3,m_RT ~ country +  Letters_n + logUKWAC,0.041,-0.184,0.251,0.01720646576465,-31.69,0.797,1177.5
cos_ukwac_skipgram_200_r5,m_RT ~ country +  Letters_n + logUKWAC,0.132,-0.044,0.288,0.0101468297874655,-12.29,0.926,1177.6
cos_ukwac_skipgram_300_r1,m_RT ~ country +  Letters_n + logUKWAC,-0.083,-0.297,0.106,0.0373794226711574,-86.74,0.519,1177.1
cos_ukwac_skipgram_300_r10,m_RT ~ country +  Letters_n + logUKWAC,0.083,-0.095,0.277,0.0649791328594722,-12.04,0.933,1177.6
cos_ukwac_skipgram_300_r3,m_RT ~ country +  Letters_n + logUKWAC,0.116,-0.112,0.295,0.0105528997407337,22.09,0.87,1177.5
cos_ukwac_skipgram_300_r5,m_RT ~ country +  Letters_n + logUKWAC,0.093,-0.128,0.318,0.0501894288075187,-42.78,0.762,1177.5
cos_ukwac_skipgram_50_r1,m_RT ~ country +  Letters_n + logUKWAC,0.016,-0.175,0.192,0.028459202858584,17.97,0.859,1177.5
cos_ukwac_skipgram_50_r10,m_RT ~ country +  Letters_n + logUKWAC,0.351,0.186,0.497,-0.056196472055063,108.49,0.256,1176.2
cos_ukwac_skipgram_50_r3,m_RT ~ country +  Letters_n + logUKWAC,0.123,-0.062,0.301,0.0393129033308092,20.77,0.843,1177.5
cos_ukwac_skipgram_50_r5,m_RT ~ country +  Letters_n + logUKWAC,0.193,-0.015,0.395,-0.0101852615491987,29.47,0.786,1177.5
cos_ukwac_skipgram_500_r1,m_RT ~ country +  Letters_n + logUKWAC,-0.154,-0.363,0.064,0.0314408641198838,-85.97,0.576,1177.2
cos_ukwac_skipgram_500_r10,m_RT ~ country +  Letters_n + logUKWAC,0.049,-0.131,0.215,0.0596178109112286,25.3,0.853,1177.5
cos_ukwac_skipgram_500_r3,m_RT ~ country +  Letters_n + logUKWAC,-0.011,-0.205,0.195,0.0187279350629989,24.5,0.874,1177.6
cos_ukwac_skipgram_500_r5,m_RT ~ country +  Letters_n + logUKWAC,-0.007,-0.222,0.184,0.0390850474760421,-18.6,0.909,1177.6
euc_ukwac_cbow_100_r1,m_RT ~ country +  Letters_n + logUKWAC,-0.058,-0.245,0.141,0.0233835886102083,7.2,0.496,1177.1
euc_ukwac_cbow_100_r10,m_RT ~ country +  Letters_n + logUKWAC,0.22,0.008,0.405,-0.00452556369171448,3.63,0.151,1175.4
euc_ukwac_cbow_100_r3,m_RT ~ country +  Letters_n + logUKWAC,0.046,-0.152,0.252,0.0177369773652549,3.28,0.451,1177
euc_ukwac_cbow_100_r5,m_RT ~ country +  Letters_n + logUKWAC,0.085,-0.097,0.278,0.00775099363155702,2.77,0.396,1176.8
euc_ukwac_cbow_200_r1,m_RT ~ country +  Letters_n + logUKWAC,-0.093,-0.292,0.094,0.0247202632800838,4.42,0.668,1177.4
euc_ukwac_cbow_200_r10,m_RT ~ country +  Letters_n + logUKWAC,0.156,-0.076,0.348,-0.00442718938112961,3.34,0.167,1175.6
euc_ukwac_cbow_200_r3,m_RT ~ country +  Letters_n + logUKWAC,-0.02,-0.218,0.19,0.0374951349146417,2.02,0.651,1177.4
euc_ukwac_cbow_200_r5,m_RT ~ country +  Letters_n + logUKWAC,0.007,-0.206,0.186,0.0279374329166324,1.75,0.601,1177.3
euc_ukwac_cbow_300_r1,m_RT ~ country +  Letters_n + logUKWAC,-0.095,-0.277,0.068,0.00509212327679374,5.98,0.564,1177.2
euc_ukwac_cbow_300_r10,m_RT ~ country +  Letters_n + logUKWAC,0.083,-0.081,0.262,0.00544607052793854,3.08,0.218,1176
euc_ukwac_cbow_300_r3,m_RT ~ country +  Letters_n + logUKWAC,-0.051,-0.258,0.16,0.0353573290019558,1.64,0.715,1177.4
euc_ukwac_cbow_300_r5,m_RT ~ country +  Letters_n + logUKWAC,-0.047,-0.241,0.149,0.0234087823077217,1.44,0.676,1177.4
euc_ukwac_cbow_50_r1,m_RT ~ country +  Letters_n + logUKWAC,-0.039,-0.22,0.16,0.053337045637265,4.89,0.674,1177.4
euc_ukwac_cbow_50_r10,m_RT ~ country +  Letters_n + logUKWAC,0.327,0.18,0.473,0.00211505686965461,3.88,0.07,1174.1
euc_ukwac_cbow_50_r3,m_RT ~ country +  Letters_n + logUKWAC,0.076,-0.138,0.265,0.0598185020297283,2.02,0.64,1177.3
euc_ukwac_cbow_50_r5,m_RT ~ country +  Letters_n + logUKWAC,0.18,-0.019,0.376,0.0192024264827306,3.08,0.299,1176.4
euc_ukwac_cbow_500_r1,m_RT ~ country +  Letters_n + logUKWAC,-0.101,-0.325,0.097,0.00775135679832379,10.01,0.328,1176.6
euc_ukwac_cbow_500_r10,m_RT ~ country +  Letters_n + logUKWAC,0.099,-0.11,0.288,0.0297719032909722,3.49,0.165,1175.5
euc_ukwac_cbow_500_r3,m_RT ~ country +  Letters_n + logUKWAC,-0.041,-0.213,0.144,0.0477722109112589,3.43,0.466,1177
euc_ukwac_cbow_500_r5,m_RT ~ country +  Letters_n + logUKWAC,0.041,-0.116,0.225,0.0263720311255534,3.67,0.292,1176.4
euc_ukwac_conditional_probability_None_r1,m_RT ~ country +  Letters_n + logUKWAC,-0.4,-0.567,-0.223,-0.000648817771650305,-689.47,0.335,1176.6
euc_ukwac_conditional_probability_None_r10,m_RT ~ country +  Letters_n + logUKWAC,0.068,-0.116,0.262,0.105705432469194,2665.26,0.259,1176.2
euc_ukwac_conditional_probability_None_r3,m_RT ~ country +  Letters_n + logUKWAC,-0.255,-0.422,-0.101,0.0403197760979825,-40.65,0.978,1177.6
euc_ukwac_conditional_probability_None_r5,m_RT ~ country +  Letters_n + logUKWAC,-0.125,-0.313,0.062,0.0844952372873649,1566.39,0.461,1177
euc_ukwac_log_cooccurrence_None_r1,m_RT ~ country +  Letters_n + logUKWAC,-0.236,-0.41,-0.058,0.102835947653208,-1.64,0,1157.1
euc_ukwac_log_cooccurrence_None_r10,m_RT ~ country +  Letters_n + logUKWAC,-0.204,-0.4,0.041,0.0952962069559713,-0.51,0.001,1166.4
euc_ukwac_log_cooccurrence_None_r3,m_RT ~ country +  Letters_n + logUKWAC,-0.214,-0.414,0.016,0.099070649439934,-0.88,0,1163.8
euc_ukwac_log_cooccurrence_None_r5,m_RT ~ country +  Letters_n + logUKWAC,-0.216,-0.413,0.009,0.0974035423416321,-0.69,0.001,1165
euc_ukwac_pmi_None_r1,m_RT ~ country +  Letters_n + logUKWAC,-0.252,-0.4,-0.099,0.0396667781970163,-0.2,0,1158
euc_ukwac_pmi_None_r10,m_RT ~ country +  Letters_n + logUKWAC,-0.056,-0.224,0.134,0.03006463028493,-0.14,0,1162.1
euc_ukwac_pmi_None_r3,m_RT ~ country +  Letters_n + logUKWAC,-0.151,-0.323,0.014,0.0336337377414942,-0.17,0,1159.7
euc_ukwac_pmi_None_r5,m_RT ~ country +  Letters_n + logUKWAC,-0.122,-0.28,0.041,0.031978707616719,-0.16,0,1159.8
euc_ukwac_ppmi_None_r1,m_RT ~ country +  Letters_n + logUKWAC,-0.257,-0.397,-0.105,0.0393230788502439,-0.2,0,1158.7
euc_ukwac_ppmi_None_r10,m_RT ~ country +  Letters_n + logUKWAC,-0.06,-0.226,0.121,0.0315019058090082,-0.14,0,1162.8
euc_ukwac_ppmi_None_r3,m_RT ~ country +  Letters_n + logUKWAC,-0.154,-0.297,-0.015,0.0343715304383083,-0.17,0,1160.4
euc_ukwac_ppmi_None_r5,m_RT ~ country +  Letters_n + logUKWAC,-0.126,-0.274,0.052,0.0330438197599573,-0.16,0,1160.5
euc_ukwac_probability_ratios_None_r1,m_RT ~ country +  Letters_n + logUKWAC,-0.462,-0.599,-0.317,0.00103449501476895,0,0.035,1172.9
euc_ukwac_probability_ratios_None_r10,m_RT ~ country +  Letters_n + logUKWAC,-0.402,-0.537,-0.268,0.0041535873934146,0,0.217,1176
euc_ukwac_probability_ratios_None_r3,m_RT ~ country +  Letters_n + logUKWAC,-0.439,-0.562,-0.295,0.0022229462902359,0,0.075,1174.2
euc_ukwac_probability_ratios_None_r5,m_RT ~ country +  Letters_n + logUKWAC,-0.426,-0.546,-0.293,0.00291618197486841,0,0.105,1174.8
euc_ukwac_skipgram_100_r1,m_RT ~ country +  Letters_n + logUKWAC,0.068,-0.148,0.251,0.0051101075400794,21.19,0.23,1176
euc_ukwac_skipgram_100_r10,m_RT ~ country +  Letters_n + logUKWAC,0.362,0.186,0.524,0.000347113989263625,59.26,0.009,1170.3
euc_ukwac_skipgram_100_r3,m_RT ~ country +  Letters_n + logUKWAC,0.207,0.038,0.395,0.00750010709049212,41.99,0.039,1173.1
euc_ukwac_skipgram_100_r5,m_RT ~ country +  Letters_n + logUKWAC,0.243,0.046,0.417,0.00242772156794618,47.05,0.028,1172.5
euc_ukwac_skipgram_200_r1,m_RT ~ country +  Letters_n + logUKWAC,0.078,-0.102,0.263,0.0135894007192586,17.58,0.308,1176.5
euc_ukwac_skipgram_200_r10,m_RT ~ country +  Letters_n + logUKWAC,0.272,0.09,0.458,0.0379793719996618,45.56,0.057,1173.7
euc_ukwac_skipgram_200_r3,m_RT ~ country +  Letters_n + logUKWAC,0.172,-0.017,0.351,0.0176266891720815,30.17,0.11,1174.9
euc_ukwac_skipgram_200_r5,m_RT ~ country +  Letters_n + logUKWAC,0.244,0.038,0.408,0.0136192785351821,38.73,0.058,1173.8
euc_ukwac_skipgram_300_r1,m_RT ~ country +  Letters_n + logUKWAC,0.043,-0.141,0.218,0.0247748758738658,16.93,0.317,1176.5
euc_ukwac_skipgram_300_r10,m_RT ~ country +  Letters_n + logUKWAC,0.261,0.096,0.399,0.040435090684346,45.52,0.046,1173.3
euc_ukwac_skipgram_300_r3,m_RT ~ country +  Letters_n + logUKWAC,0.218,0.024,0.376,0.0138343775028766,36.74,0.046,1173.3
euc_ukwac_skipgram_300_r5,m_RT ~ country +  Letters_n + logUKWAC,0.229,0.055,0.405,0.0333991114123477,39.09,0.048,1173.4
euc_ukwac_skipgram_50_r1,m_RT ~ country +  Letters_n + logUKWAC,0.061,-0.155,0.231,0.0202796800758854,17.61,0.328,1176.6
euc_ukwac_skipgram_50_r10,m_RT ~ country +  Letters_n + logUKWAC,0.415,0.259,0.562,-0.0396072368732336,56.34,0.011,1170.7
euc_ukwac_skipgram_50_r3,m_RT ~ country +  Letters_n + logUKWAC,0.222,0.051,0.405,0.0348900434932536,33.52,0.11,1174.9
euc_ukwac_skipgram_50_r5,m_RT ~ country +  Letters_n + logUKWAC,0.307,0.078,0.472,-0.00595028823668938,44.27,0.049,1173.5
euc_ukwac_skipgram_500_r1,m_RT ~ country +  Letters_n + logUKWAC,0.03,-0.151,0.205,0.0209810390409245,22.2,0.179,1175.7
euc_ukwac_skipgram_500_r10,m_RT ~ country +  Letters_n + logUKWAC,0.246,0.106,0.376,0.0356441084336153,47.32,0.02,1171.8
euc_ukwac_skipgram_500_r3,m_RT ~ country +  Letters_n + logUKWAC,0.161,-0.032,0.341,0.0167063453485065,38.97,0.029,1172.5
euc_ukwac_skipgram_500_r5,m_RT ~ country +  Letters_n + logUKWAC,0.216,0.054,0.393,0.0248423955826704,44.8,0.019,1171.7
cor_ukwac_cbow_100_r1,m_RT ~ country +  Letters_n + logUKWAC,-0.045,-0.221,0.169,0.0421317647746507,-20.11,0.843,1177.5
cor_ukwac_cbow_100_r10,m_RT ~ country +  Letters_n + logUKWAC,-0.143,-0.337,0.057,-0.0225891510543279,-176.53,0.033,1172.7
cor_ukwac_cbow_100_r3,m_RT ~ country +  Letters_n + logUKWAC,-0.07,-0.253,0.125,0.0245127466783305,-66.76,0.471,1177
cor_ukwac_cbow_100_r5,m_RT ~ country +  Letters_n + logUKWAC,-0.129,-0.31,0.057,-0.00867842999967632,-134.45,0.109,1174.9
cor_ukwac_cbow_200_r1,m_RT ~ country +  Letters_n + logUKWAC,-0.118,-0.307,0.082,0.0370368334210153,-91.71,0.42,1176.9
cor_ukwac_cbow_200_r10,m_RT ~ country +  Letters_n + logUKWAC,-0.149,-0.327,0.04,-0.0222732925376569,-190.84,0.038,1173
cor_ukwac_cbow_200_r3,m_RT ~ country +  Letters_n + logUKWAC,-0.119,-0.327,0.098,0.0582163061743305,-123.52,0.239,1176.1
cor_ukwac_cbow_200_r5,m_RT ~ country +  Letters_n + logUKWAC,-0.173,-0.36,0.032,0.0336651294235235,-195.92,0.04,1173.1
cor_ukwac_cbow_300_r1,m_RT ~ country +  Letters_n + logUKWAC,-0.147,-0.321,0.05,0.00680298428152447,-110.07,0.404,1176.8
cor_ukwac_cbow_300_r10,m_RT ~ country +  Letters_n + logUKWAC,-0.147,-0.371,0.052,0.00478922545840682,-220.86,0.038,1173
cor_ukwac_cbow_300_r3,m_RT ~ country +  Letters_n + logUKWAC,-0.117,-0.301,0.074,0.0601068835493839,-128.83,0.237,1176.1
cor_ukwac_cbow_300_r5,m_RT ~ country +  Letters_n + logUKWAC,-0.193,-0.369,0.004,0.033261914447528,-219.08,0.033,1172.7
cor_ukwac_cbow_50_r1,m_RT ~ country +  Letters_n + logUKWAC,-0.008,-0.231,0.197,0.0344452413459303,-16.77,0.845,1177.5
cor_ukwac_cbow_50_r10,m_RT ~ country +  Letters_n + logUKWAC,0.048,-0.123,0.22,-0.00345366088536549,-72.61,0.256,1176.2
cor_ukwac_cbow_50_r3,m_RT ~ country +  Letters_n + logUKWAC,-0.018,-0.216,0.148,0.0449228898382632,-66.03,0.397,1176.8
cor_ukwac_cbow_50_r5,m_RT ~ country +  Letters_n + logUKWAC,-0.022,-0.213,0.17,0.00463426934127704,-74.26,0.261,1176.2
cor_ukwac_cbow_500_r1,m_RT ~ country +  Letters_n + logUKWAC,-0.153,-0.348,0.057,0.0101291348776678,-65.85,0.681,1177.4
cor_ukwac_cbow_500_r10,m_RT ~ country +  Letters_n + logUKWAC,-0.008,-0.203,0.22,0.0478396397403187,-162.61,0.181,1175.7
cor_ukwac_cbow_500_r3,m_RT ~ country +  Letters_n + logUKWAC,-0.087,-0.272,0.097,0.0779855434155539,-63.43,0.624,1177.3
cor_ukwac_cbow_500_r5,m_RT ~ country +  Letters_n + logUKWAC,0.059,-0.151,0.266,0.0387248803249694,-60.87,0.606,1177.3
cor_ukwac_conditional_probability_None_r1,m_RT ~ country +  Letters_n + logUKWAC,-0.535,-0.637,-0.426,0.0015862737043216,-272.14,0.004,1168.8
cor_ukwac_conditional_probability_None_r10,m_RT ~ country +  Letters_n + logUKWAC,0.215,0.004,0.393,0.0609166924631282,777.24,0.07,1174.1
cor_ukwac_conditional_probability_None_r3,m_RT ~ country +  Letters_n + logUKWAC,-0.077,-0.278,0.132,0.0355883837372081,181.02,0.374,1176.7
cor_ukwac_conditional_probability_None_r5,m_RT ~ country +  Letters_n + logUKWAC,0.113,-0.096,0.299,0.0578877235554049,523.7,0.087,1174.5
cor_ukwac_log_cooccurrence_None_r1,m_RT ~ country +  Letters_n + logUKWAC,-0.337,-0.469,-0.19,0.0985948846232705,-298.08,0.251,1176.2
cor_ukwac_log_cooccurrence_None_r10,m_RT ~ country +  Letters_n + logUKWAC,-0.209,-0.377,-0.023,0.127501078787398,-358.29,0.162,1175.5
cor_ukwac_log_cooccurrence_None_r3,m_RT ~ country +  Letters_n + logUKWAC,-0.271,-0.431,-0.073,0.111608734791915,-297.78,0.269,1176.3
cor_ukwac_log_cooccurrence_None_r5,m_RT ~ country +  Letters_n + logUKWAC,-0.271,-0.444,-0.084,0.119095633362977,-367.56,0.165,1175.5
cor_ukwac_pmi_None_r1,m_RT ~ country +  Letters_n + logUKWAC,-0.159,-0.33,0.018,0.0637931453242663,-844.07,0.329,1176.6
cor_ukwac_pmi_None_r10,m_RT ~ country +  Letters_n + logUKWAC,0.103,-0.082,0.315,-0.0063610723365744,-596.95,0.535,1177.2
cor_ukwac_pmi_None_r3,m_RT ~ country +  Letters_n + logUKWAC,0.013,-0.182,0.212,0.0125807857361747,-878.73,0.367,1176.7
cor_ukwac_pmi_None_r5,m_RT ~ country +  Letters_n + logUKWAC,0.062,-0.173,0.278,0.00943906492498404,-786.44,0.423,1176.9
cor_ukwac_ppmi_None_r1,m_RT ~ country +  Letters_n + logUKWAC,0.129,-0.061,0.315,0.0973856703588721,850.97,0.523,1177.1
cor_ukwac_ppmi_None_r10,m_RT ~ country +  Letters_n + logUKWAC,0.272,0.082,0.439,0.0138294714152595,665.68,0.679,1177.4
cor_ukwac_ppmi_None_r3,m_RT ~ country +  Letters_n + logUKWAC,0.272,0.124,0.442,0.0396677306252111,1065.57,0.544,1177.2
cor_ukwac_ppmi_None_r5,m_RT ~ country +  Letters_n + logUKWAC,0.271,0.094,0.452,0.0347902981734519,801.9,0.639,1177.3
cor_ukwac_probability_ratios_None_r1,m_RT ~ country +  Letters_n + logUKWAC,0.201,0.052,0.34,-0.072961897181284,64602.1,0.177,1175.6
cor_ukwac_probability_ratios_None_r10,m_RT ~ country +  Letters_n + logUKWAC,0.08,-0.088,0.256,0.0296164281648507,3921.69,0.5,1177.1
cor_ukwac_probability_ratios_None_r3,m_RT ~ country +  Letters_n + logUKWAC,0.002,-0.206,0.206,0.0779685329256419,-5008.84,0.738,1177.5
cor_ukwac_probability_ratios_None_r5,m_RT ~ country +  Letters_n + logUKWAC,-0.001,-0.234,0.265,0.101576379993984,-1037.47,0.901,1177.6
cor_ukwac_skipgram_100_r1,m_RT ~ country +  Letters_n + logUKWAC,-0.006,-0.2,0.182,0.00387278424417315,2.23,0.984,1177.6
cor_ukwac_skipgram_100_r10,m_RT ~ country +  Letters_n + logUKWAC,0.276,0.091,0.452,-0.00403535986343588,118.94,0.373,1176.7
cor_ukwac_skipgram_100_r3,m_RT ~ country +  Letters_n + logUKWAC,0.131,-0.066,0.344,0.00194821028921983,77.48,0.525,1177.1
cor_ukwac_skipgram_100_r5,m_RT ~ country +  Letters_n + logUKWAC,0.183,-0.038,0.373,-0.00641551072537072,77.19,0.537,1177.2
cor_ukwac_skipgram_200_r1,m_RT ~ country +  Letters_n + logUKWAC,-0.018,-0.205,0.187,0.0172452219783371,-49.04,0.688,1177.4
cor_ukwac_skipgram_200_r10,m_RT ~ country +  Letters_n + logUKWAC,0.105,-0.08,0.284,0.0612713336633684,-46.51,0.738,1177.5
cor_ukwac_skipgram_200_r3,m_RT ~ country +  Letters_n + logUKWAC,0.04,-0.149,0.248,0.0169562991852733,-31.25,0.798,1177.5
cor_ukwac_skipgram_200_r5,m_RT ~ country +  Letters_n + logUKWAC,0.137,-0.04,0.338,0.0118914077458604,-11.75,0.929,1177.6
cor_ukwac_skipgram_300_r1,m_RT ~ country +  Letters_n + logUKWAC,-0.057,-0.242,0.126,0.0315229771313109,-61.05,0.639,1177.3
cor_ukwac_skipgram_300_r10,m_RT ~ country +  Letters_n + logUKWAC,0.088,-0.08,0.24,0.0598507242484087,-8.25,0.953,1177.6
cor_ukwac_skipgram_300_r3,m_RT ~ country +  Letters_n + logUKWAC,0.119,-0.109,0.321,0.0119740979318825,35.72,0.793,1177.5
cor_ukwac_skipgram_300_r5,m_RT ~ country +  Letters_n + logUKWAC,0.086,-0.129,0.27,0.0486660743174084,-42.4,0.764,1177.5
cor_ukwac_skipgram_50_r1,m_RT ~ country +  Letters_n + logUKWAC,0.017,-0.183,0.183,0.0254186973527658,16.71,0.87,1177.5
cor_ukwac_skipgram_50_r10,m_RT ~ country +  Letters_n + logUKWAC,0.35,0.138,0.536,-0.0592342808161578,110.91,0.24,1176.1
cor_ukwac_skipgram_50_r3,m_RT ~ country +  Letters_n + logUKWAC,0.107,-0.102,0.306,0.0407992358773622,18.58,0.859,1177.5
cor_ukwac_skipgram_50_r5,m_RT ~ country +  Letters_n + logUKWAC,0.145,-0.063,0.342,-0.0108742303146446,7.49,0.946,1177.6
cor_ukwac_skipgram_500_r1,m_RT ~ country +  Letters_n + logUKWAC,-0.16,-0.383,0.038,0.0313784820112538,-89.82,0.557,1177.2
cor_ukwac_skipgram_500_r10,m_RT ~ country +  Letters_n + logUKWAC,0.052,-0.135,0.241,0.0572339575565738,30.39,0.82,1177.5
cor_ukwac_skipgram_500_r3,m_RT ~ country +  Letters_n + logUKWAC,-0.013,-0.199,0.181,0.0195195898635813,21.87,0.888,1177.6
cor_ukwac_skipgram_500_r5,m_RT ~ country +  Letters_n + logUKWAC,-0.009,-0.19,0.178,0.0439779109465809,-14.62,0.928,1177.6
cor_llama_2_13b_chat_Q5_K_S_pairs,m_RT ~ country +  Letters_n + logUKWAC,-0.48,-0.597,-0.366,-0.013905122973941,-320.39,0.023,1172.1
cor_llama_2_13b_chat_Q5_K_S_pairs_names_Upper,m_RT ~ country +  Letters_n + logUKWAC,-0.51,-0.608,-0.391,-0.0167109922783401,-341.57,0.011,1170.7
cor_llama_2_7b_chat_Q4_K_M_pairs,m_RT ~ country +  Letters_n + logUKWAC,-0.527,-0.654,-0.361,0.0247334898088676,-454.94,0.003,1168
cor_llama_2_7b_chat_Q4_K_M_pairs_names_Upper,m_RT ~ country +  Letters_n + logUKWAC,-0.619,-0.714,-0.504,0.0052941979563628,-428.55,0,1156.4
cor_mistral_7b_v0_1_Q4_K_M_pairs,m_RT ~ country +  Letters_n + logUKWAC,-0.465,-0.573,-0.325,-0.00250731280508673,-461.4,0.01,1170.5
cor_mistral_7b_v0_1_Q4_K_M_pairs_names_Upper,m_RT ~ country +  Letters_n + logUKWAC,-0.589,-0.692,-0.486,0.00668072548873897,-549.09,0,1160.9
cos_llama_2_13b_chat_Q5_K_S_pairs,m_RT ~ country +  Letters_n + logUKWAC,-0.48,-0.59,-0.351,-0.0138898539856878,-321.06,0.023,1172.1
cos_llama_2_13b_chat_Q5_K_S_pairs_names_Upper,m_RT ~ country +  Letters_n + logUKWAC,-0.511,-0.611,-0.391,-0.0166614547277141,-342.21,0.011,1170.6
cos_llama_2_7b_chat_Q4_K_M_pairs,m_RT ~ country +  Letters_n + logUKWAC,-0.527,-0.65,-0.375,0.0248067222993508,-454.91,0.003,1168
cos_llama_2_7b_chat_Q4_K_M_pairs_names_Upper,m_RT ~ country +  Letters_n + logUKWAC,-0.619,-0.714,-0.513,0.00531946299137033,-428.68,0,1156.4
cos_mistral_7b_v0_1_Q4_K_M_pairs,m_RT ~ country +  Letters_n + logUKWAC,-0.463,-0.577,-0.353,-0.00259980142361993,-458.49,0.01,1170.6
cos_mistral_7b_v0_1_Q4_K_M_pairs_names_Upper,m_RT ~ country +  Letters_n + logUKWAC,-0.588,-0.69,-0.465,0.00661334630211045,-548.48,0,1161
euc_llama_2_13b_chat_Q5_K_S_pairs,m_RT ~ country +  Letters_n + logUKWAC,-0.375,-0.513,-0.216,-0.0187983453387059,-2.76,0.176,1175.6
euc_llama_2_13b_chat_Q5_K_S_pairs_names_Upper,m_RT ~ country +  Letters_n + logUKWAC,-0.443,-0.557,-0.325,-0.0209598886744024,-3.59,0.074,1174.2
euc_llama_2_7b_chat_Q4_K_M_pairs,m_RT ~ country +  Letters_n + logUKWAC,-0.264,-0.414,-0.108,0.0259036815500879,0.31,0.822,1177.5
euc_llama_2_7b_chat_Q4_K_M_pairs_names_Upper,m_RT ~ country +  Letters_n + logUKWAC,-0.46,-0.594,-0.297,0.0144419218396562,-1.95,0.092,1174.6
euc_mistral_7b_v0_1_Q4_K_M_pairs,m_RT ~ country +  Letters_n + logUKWAC,-0.395,-0.52,-0.248,-0.000988465401822249,-1.15,0.009,1170.4
euc_mistral_7b_v0_1_Q4_K_M_pairs_names_Upper,m_RT ~ country +  Letters_n + logUKWAC,-0.597,-0.7,-0.486,0.0052161415008312,-1.64,0,1158.2
cor_glove_6B_300d_pairs,m_RT ~ country +  Letters_n + logUKWAC,-0.283,-0.465,-0.082,-0.0478412240573369,-161.93,0.193,1175.8
cos_glove_6B_300d_pairs,m_RT ~ country +  Letters_n + logUKWAC,-0.287,-0.441,-0.119,-0.0481560448273562,-164.37,0.187,1175.7
euc_glove_6B_300d_pairs,m_RT ~ country +  Letters_n + logUKWAC,-0.21,-0.385,-0.009,-0.0412384990143565,-28.14,0.22,1176
