lmd,baseline,corLDMmRT,corLDMmRT_CI_lower,corLDMmRT_CI_upper,corLDM_congruent,coef,p_value,BIC
subtitles_conditional_probability_ngram_None_r1,m_RT ~  (1|stimuli) + country +  Letters_n+logSUBTITLES,-0.228,-0.401,-0.035,0.175439614342768,-102658.47,0.034,1125.8
subtitles_conditional_probability_ngram_None_r10,m_RT ~  (1|stimuli) + country +  Letters_n+logSUBTITLES,-0.481,-0.601,-0.377,0.14222650535294,-104761.52,0.001,1122
subtitles_conditional_probability_ngram_None_r3,m_RT ~  (1|stimuli) + country +  Letters_n+logSUBTITLES,-0.459,-0.571,-0.341,0.194674947368687,-78899.78,0.001,1121.7
subtitles_conditional_probability_ngram_None_r5,m_RT ~  (1|stimuli) + country +  Letters_n+logSUBTITLES,-0.462,-0.568,-0.344,0.128327301354792,-86529.81,0.003,1123.5
subtitles_log_ngram_None_r1,m_RT ~  (1|stimuli) + country +  Letters_n+logSUBTITLES,-0.146,-0.289,0.039,0.0508184627950211,-70.35,0.016,1140.1
subtitles_log_ngram_None_r10,m_RT ~  (1|stimuli) + country +  Letters_n+logSUBTITLES,-0.21,-0.374,-0.059,0.0918664224220034,-70.24,0.001,1136.6
subtitles_log_ngram_None_r3,m_RT ~  (1|stimuli) + country +  Letters_n+logSUBTITLES,-0.243,-0.403,-0.056,0.0860229545867056,-56.65,0.005,1138.9
subtitles_log_ngram_None_r5,m_RT ~  (1|stimuli) + country +  Letters_n+logSUBTITLES,-0.212,-0.359,-0.032,0.0477837713846053,-57.7,0.006,1139.5
subtitles_pmi_ngram_None_r1,m_RT ~  (1|stimuli) + country +  Letters_n+logSUBTITLES,0.211,0.041,0.377,-0.0401707021870439,18.43,0.092,1144.4
subtitles_pmi_ngram_None_r10,m_RT ~  (1|stimuli) + country +  Letters_n+logSUBTITLES,-0.187,-0.37,-0.025,0.211116970226151,-28.06,0.034,1142.2
subtitles_pmi_ngram_None_r3,m_RT ~  (1|stimuli) + country +  Letters_n+logSUBTITLES,-0.159,-0.359,0.065,0.112433824463009,-18.36,0.114,1144.5
subtitles_pmi_ngram_None_r5,m_RT ~  (1|stimuli) + country +  Letters_n+logSUBTITLES,-0.137,-0.347,0.075,0.00376906608392668,-5.55,0.606,1146.7
subtitles_ppmi_ngram_None_r1,m_RT ~  (1|stimuli) + country +  Letters_n+logSUBTITLES,0.13,-0.036,0.274,0.070482958088357,-6.7,0.77,1146.1
subtitles_ppmi_ngram_None_r10,m_RT ~  (1|stimuli) + country +  Letters_n+logSUBTITLES,-0.177,-0.37,0.044,0.183453757109626,-55.14,0.037,1141
subtitles_ppmi_ngram_None_r3,m_RT ~  (1|stimuli) + country +  Letters_n+logSUBTITLES,-0.204,-0.374,-0.027,0.256434211174938,-47.82,0.008,1139
subtitles_ppmi_ngram_None_r5,m_RT ~  (1|stimuli) + country +  Letters_n+logSUBTITLES,-0.187,-0.385,0.006,0.170182329854378,-36.62,0.081,1142.7
subtitles_probability_ratio_ngram_None_r1,m_RT ~  (1|stimuli) + country +  Letters_n+logSUBTITLES,0.091,-0.027,0.208,0.12388500984836,-2.63,0.539,1148.9
subtitles_probability_ratio_ngram_None_r10,m_RT ~  (1|stimuli) + country +  Letters_n+logSUBTITLES,-0.231,-0.394,-0.038,0.235184059177604,-45.87,0.011,1139.6
subtitles_probability_ratio_ngram_None_r3,m_RT ~  (1|stimuli) + country +  Letters_n+logSUBTITLES,-0.18,-0.363,-0.009,0.254538584775215,-21.54,0.013,1141.3
subtitles_probability_ratio_ngram_None_r5,m_RT ~  (1|stimuli) + country +  Letters_n+logSUBTITLES,-0.19,-0.367,-0.026,0.178653725956867,-23.69,0.047,1143
cos_subtitles_cbow_100_r1,m_RT ~  (1|stimuli) + country +  Letters_n+logSUBTITLES,0.158,-0.029,0.346,0.023843287834875,135.24,0.197,1141.1
cos_subtitles_cbow_100_r10,m_RT ~  (1|stimuli) + country +  Letters_n+logSUBTITLES,0.367,0.169,0.526,-0.259357610975814,435.79,0,1126.8
cos_subtitles_cbow_100_r3,m_RT ~  (1|stimuli) + country +  Letters_n+logSUBTITLES,0.328,0.121,0.482,-0.0826885133632779,248.98,0.011,1136.9
cos_subtitles_cbow_100_r5,m_RT ~  (1|stimuli) + country +  Letters_n+logSUBTITLES,0.357,0.16,0.515,-0.147205111627701,324,0.002,1133.3
cos_subtitles_cbow_200_r1,m_RT ~  (1|stimuli) + country +  Letters_n+logSUBTITLES,0.163,-0.051,0.347,0.0126860568911061,182.19,0.165,1140.4
cos_subtitles_cbow_200_r10,m_RT ~  (1|stimuli) + country +  Letters_n+logSUBTITLES,0.294,0.054,0.487,-0.217105479009435,369.77,0.005,1134.5
cos_subtitles_cbow_200_r3,m_RT ~  (1|stimuli) + country +  Letters_n+logSUBTITLES,0.323,0.132,0.476,-0.0807163248258594,295.14,0.015,1137
cos_subtitles_cbow_200_r5,m_RT ~  (1|stimuli) + country +  Letters_n+logSUBTITLES,0.322,0.141,0.492,-0.153837587179355,350.14,0.005,1134.7
cos_subtitles_cbow_300_r1,m_RT ~  (1|stimuli) + country +  Letters_n+logSUBTITLES,0.125,-0.054,0.301,0.0492488700597047,114.18,0.457,1141.1
cos_subtitles_cbow_300_r10,m_RT ~  (1|stimuli) + country +  Letters_n+logSUBTITLES,0.272,0.041,0.465,-0.211157884093419,415.89,0.009,1135
cos_subtitles_cbow_300_r3,m_RT ~  (1|stimuli) + country +  Letters_n+logSUBTITLES,0.339,0.118,0.525,-0.113860899883114,390.62,0.006,1135.1
cos_subtitles_cbow_300_r5,m_RT ~  (1|stimuli) + country +  Letters_n+logSUBTITLES,0.313,0.068,0.523,-0.154845210348315,381.91,0.005,1134.6
cos_subtitles_cbow_50_r1,m_RT ~  (1|stimuli) + country +  Letters_n+logSUBTITLES,0.27,0.1,0.437,-0.00808757900214103,219.38,0.041,1138.9
cos_subtitles_cbow_50_r10,m_RT ~  (1|stimuli) + country +  Letters_n+logSUBTITLES,0.398,0.238,0.543,-0.180132625591756,276.62,0.001,1131.9
cos_subtitles_cbow_50_r3,m_RT ~  (1|stimuli) + country +  Letters_n+logSUBTITLES,0.394,0.234,0.563,-0.0784406753599746,242.43,0.002,1134.2
cos_subtitles_cbow_50_r5,m_RT ~  (1|stimuli) + country +  Letters_n+logSUBTITLES,0.435,0.241,0.599,-0.175666205165195,321.51,0,1129.5
cos_subtitles_cbow_500_r1,m_RT ~  (1|stimuli) + country +  Letters_n+logSUBTITLES,0.101,-0.112,0.297,0.0234232376238452,162.38,0.376,1140.6
cos_subtitles_cbow_500_r10,m_RT ~  (1|stimuli) + country +  Letters_n+logSUBTITLES,0.298,0.107,0.466,-0.183121053221174,416.63,0.01,1135.3
cos_subtitles_cbow_500_r3,m_RT ~  (1|stimuli) + country +  Letters_n+logSUBTITLES,0.296,0.122,0.483,-0.060840673581245,369.05,0.027,1137.3
cos_subtitles_cbow_500_r5,m_RT ~  (1|stimuli) + country +  Letters_n+logSUBTITLES,0.32,0.116,0.507,-0.127076281072886,400.65,0.009,1135.4
cos_subtitles_conditional_probability_None_r1,m_RT ~  (1|stimuli) + country +  Letters_n+logSUBTITLES,-0.389,-0.532,-0.215,0.00817265045393462,-113.41,0.178,1141.3
cos_subtitles_conditional_probability_None_r10,m_RT ~  (1|stimuli) + country +  Letters_n+logSUBTITLES,0.038,-0.145,0.215,-0.0668459228255678,916.65,0.102,1136.6
cos_subtitles_conditional_probability_None_r3,m_RT ~  (1|stimuli) + country +  Letters_n+logSUBTITLES,-0.27,-0.425,-0.111,-0.0219354620187318,-22.59,0.803,1141.8
cos_subtitles_conditional_probability_None_r5,m_RT ~  (1|stimuli) + country +  Letters_n+logSUBTITLES,-0.125,-0.285,0.03,-0.0380868314711903,187.37,0.502,1140.2
cos_subtitles_log_cooccurrence_None_r1,m_RT ~  (1|stimuli) + country +  Letters_n+logSUBTITLES,0.155,-0.01,0.291,0.170603269956492,85.98,0.572,1140.4
cos_subtitles_log_cooccurrence_None_r10,m_RT ~  (1|stimuli) + country +  Letters_n+logSUBTITLES,-0.078,-0.254,0.103,0.0914295663461288,-1.74,0.847,1140.6
cos_subtitles_log_cooccurrence_None_r3,m_RT ~  (1|stimuli) + country +  Letters_n+logSUBTITLES,0.048,-0.095,0.202,0.125545222493646,171.47,0.433,1140.2
cos_subtitles_log_cooccurrence_None_r5,m_RT ~  (1|stimuli) + country +  Letters_n+logSUBTITLES,-0.023,-0.185,0.146,0.110219648282545,56.1,0.664,1140.4
cos_subtitles_pmi_None_r1,m_RT ~  (1|stimuli) + country +  Letters_n+logSUBTITLES,-0.32,-0.5,-0.149,0.216947198095198,-2061.48,0.032,1133.4
cos_subtitles_pmi_None_r10,m_RT ~  (1|stimuli) + country +  Letters_n+logSUBTITLES,-0.106,-0.332,0.1,0.0869550269650255,-589.41,0.437,1138.1
cos_subtitles_pmi_None_r3,m_RT ~  (1|stimuli) + country +  Letters_n+logSUBTITLES,-0.197,-0.396,-0.003,0.14650719438357,-1170.39,0.218,1136.7
cos_subtitles_pmi_None_r5,m_RT ~  (1|stimuli) + country +  Letters_n+logSUBTITLES,-0.125,-0.327,0.132,0.0992015161717538,-619.11,0.475,1138
cos_subtitles_ppmi_None_r1,m_RT ~  (1|stimuli) + country +  Letters_n+logSUBTITLES,-0.242,-0.4,-0.111,0.176863729781333,-1124.64,0.378,1137
cos_subtitles_ppmi_None_r10,m_RT ~  (1|stimuli) + country +  Letters_n+logSUBTITLES,-0.066,-0.264,0.145,0.0407697511611857,3.01,0.921,1137.6
cos_subtitles_ppmi_None_r3,m_RT ~  (1|stimuli) + country +  Letters_n+logSUBTITLES,-0.131,-0.318,0.057,0.113080316621213,-400.85,0.941,1137.3
cos_subtitles_ppmi_None_r5,m_RT ~  (1|stimuli) + country +  Letters_n+logSUBTITLES,-0.054,-0.259,0.13,0.0427326990989293,544.73,0.611,1137.3
cos_subtitles_probability_ratios_None_r1,m_RT ~  (1|stimuli) + country +  Letters_n+logSUBTITLES,0.201,0.087,0.329,0.207341780193164,-8829.02,0.669,1132.2
cos_subtitles_probability_ratios_None_r10,m_RT ~  (1|stimuli) + country +  Letters_n+logSUBTITLES,0.367,0.221,0.484,-0.13949059962311,15897.61,0,1119.9
cos_subtitles_probability_ratios_None_r3,m_RT ~  (1|stimuli) + country +  Letters_n+logSUBTITLES,0.305,0.161,0.437,-0.0261328010244433,16259.87,0.032,1129.8
cos_subtitles_probability_ratios_None_r5,m_RT ~  (1|stimuli) + country +  Letters_n+logSUBTITLES,0.295,0.152,0.433,-0.206288833893667,18615.8,0,1121.2
cos_subtitles_skipgram_100_r1,m_RT ~  (1|stimuli) + country +  Letters_n+logSUBTITLES,0.307,0.102,0.475,-0.000961734236998293,321.49,0.019,1137.4
cos_subtitles_skipgram_100_r10,m_RT ~  (1|stimuli) + country +  Letters_n+logSUBTITLES,0.494,0.334,0.645,-0.185635646826767,552.79,0,1126.5
cos_subtitles_skipgram_100_r3,m_RT ~  (1|stimuli) + country +  Letters_n+logSUBTITLES,0.446,0.284,0.602,-0.0827421258042707,499.45,0.001,1132.1
cos_subtitles_skipgram_100_r5,m_RT ~  (1|stimuli) + country +  Letters_n+logSUBTITLES,0.52,0.358,0.662,-0.176462274174133,598.28,0,1125.2
cos_subtitles_skipgram_200_r1,m_RT ~  (1|stimuli) + country +  Letters_n+logSUBTITLES,0.27,0.101,0.423,-0.00198620450892672,291.24,0.05,1138.6
cos_subtitles_skipgram_200_r10,m_RT ~  (1|stimuli) + country +  Letters_n+logSUBTITLES,0.402,0.217,0.57,-0.0803594901559258,451.63,0.002,1133.5
cos_subtitles_skipgram_200_r3,m_RT ~  (1|stimuli) + country +  Letters_n+logSUBTITLES,0.34,0.183,0.503,-0.0759898734257951,445.93,0.006,1135
cos_subtitles_skipgram_200_r5,m_RT ~  (1|stimuli) + country +  Letters_n+logSUBTITLES,0.452,0.305,0.604,-0.133462972654365,565.22,0,1128.9
cos_subtitles_skipgram_300_r1,m_RT ~  (1|stimuli) + country +  Letters_n+logSUBTITLES,0.301,0.129,0.466,-0.0544269907961985,485,0.007,1135.2
cos_subtitles_skipgram_300_r10,m_RT ~  (1|stimuli) + country +  Letters_n+logSUBTITLES,0.437,0.291,0.578,-0.11074317921963,560.26,0,1130.9
cos_subtitles_skipgram_300_r3,m_RT ~  (1|stimuli) + country +  Letters_n+logSUBTITLES,0.253,0.089,0.411,-0.0118300743395036,502.61,0.012,1136
cos_subtitles_skipgram_300_r5,m_RT ~  (1|stimuli) + country +  Letters_n+logSUBTITLES,0.397,0.203,0.546,-0.0732537171134284,570.6,0.001,1131.5
cos_subtitles_skipgram_50_r1,m_RT ~  (1|stimuli) + country +  Letters_n+logSUBTITLES,0.282,0.041,0.47,0.00271103353625865,273.33,0.044,1138.6
cos_subtitles_skipgram_50_r10,m_RT ~  (1|stimuli) + country +  Letters_n+logSUBTITLES,0.504,0.353,0.621,-0.167197173490607,507.92,0,1126.3
cos_subtitles_skipgram_50_r3,m_RT ~  (1|stimuli) + country +  Letters_n+logSUBTITLES,0.517,0.318,0.674,-0.144508561264738,633.49,0,1122.3
cos_subtitles_skipgram_50_r5,m_RT ~  (1|stimuli) + country +  Letters_n+logSUBTITLES,0.516,0.358,0.645,-0.127862432089705,523.42,0,1126
cos_subtitles_skipgram_500_r1,m_RT ~  (1|stimuli) + country +  Letters_n+logSUBTITLES,0.208,-0.013,0.402,-0.00985626871549936,332.54,0.11,1138.9
cos_subtitles_skipgram_500_r10,m_RT ~  (1|stimuli) + country +  Letters_n+logSUBTITLES,0.269,0.097,0.413,0.00590955911826392,451.49,0.024,1137
cos_subtitles_skipgram_500_r3,m_RT ~  (1|stimuli) + country +  Letters_n+logSUBTITLES,0.381,0.212,0.522,-0.104044043831503,666.33,0.001,1130.9
cos_subtitles_skipgram_500_r5,m_RT ~  (1|stimuli) + country +  Letters_n+logSUBTITLES,0.326,0.162,0.485,-0.0564068966139529,570.87,0.002,1133.3
euc_subtitles_cbow_100_r1,m_RT ~  (1|stimuli) + country +  Letters_n+logSUBTITLES,0.294,0.104,0.453,0.0130785120479138,28,0.034,1143
euc_subtitles_cbow_100_r10,m_RT ~  (1|stimuli) + country +  Letters_n+logSUBTITLES,0.601,0.465,0.712,-0.104346071457455,20.25,0,1124.7
euc_subtitles_cbow_100_r3,m_RT ~  (1|stimuli) + country +  Letters_n+logSUBTITLES,0.447,0.272,0.59,-0.0361358222744453,24.43,0.001,1138
euc_subtitles_cbow_100_r5,m_RT ~  (1|stimuli) + country +  Letters_n+logSUBTITLES,0.541,0.41,0.675,-0.0641225080675267,23.68,0,1132.1
euc_subtitles_cbow_200_r1,m_RT ~  (1|stimuli) + country +  Letters_n+logSUBTITLES,0.3,0.157,0.453,0.00882980853282858,26.81,0.042,1143.2
euc_subtitles_cbow_200_r10,m_RT ~  (1|stimuli) + country +  Letters_n+logSUBTITLES,0.541,0.415,0.66,-0.0798802564087449,17.73,0,1134.1
euc_subtitles_cbow_200_r3,m_RT ~  (1|stimuli) + country +  Letters_n+logSUBTITLES,0.427,0.272,0.573,-0.0317352732490421,22.93,0.002,1139.5
euc_subtitles_cbow_200_r5,m_RT ~  (1|stimuli) + country +  Letters_n+logSUBTITLES,0.477,0.326,0.602,-0.051526527829893,19.7,0,1137
euc_subtitles_cbow_300_r1,m_RT ~  (1|stimuli) + country +  Letters_n+logSUBTITLES,0.316,0.152,0.449,0.02363773323459,24.94,0.076,1143.9
euc_subtitles_cbow_300_r10,m_RT ~  (1|stimuli) + country +  Letters_n+logSUBTITLES,0.495,0.342,0.622,-0.0665475470505389,17.02,0,1136.7
euc_subtitles_cbow_300_r3,m_RT ~  (1|stimuli) + country +  Letters_n+logSUBTITLES,0.448,0.274,0.567,-0.0394810279627204,23.88,0.001,1138.9
euc_subtitles_cbow_300_r5,m_RT ~  (1|stimuli) + country +  Letters_n+logSUBTITLES,0.462,0.295,0.616,-0.0522863044668112,19.39,0.001,1138.2
euc_subtitles_cbow_50_r1,m_RT ~  (1|stimuli) + country +  Letters_n+logSUBTITLES,0.371,0.209,0.506,-0.00401881103409246,42.56,0.005,1139.6
euc_subtitles_cbow_50_r10,m_RT ~  (1|stimuli) + country +  Letters_n+logSUBTITLES,0.593,0.452,0.704,-0.0863119404037403,17.76,0,1127.5
euc_subtitles_cbow_50_r3,m_RT ~  (1|stimuli) + country +  Letters_n+logSUBTITLES,0.515,0.37,0.655,-0.0432734193507676,27.32,0,1133.4
euc_subtitles_cbow_50_r5,m_RT ~  (1|stimuli) + country +  Letters_n+logSUBTITLES,0.578,0.446,0.692,-0.0915334800646226,23.68,0,1127.7
euc_subtitles_cbow_500_r1,m_RT ~  (1|stimuli) + country +  Letters_n+logSUBTITLES,0.317,0.155,0.457,0.0100782959561541,25.12,0.086,1143.9
euc_subtitles_cbow_500_r10,m_RT ~  (1|stimuli) + country +  Letters_n+logSUBTITLES,0.495,0.355,0.624,-0.0603853288548014,17.1,0,1137.4
euc_subtitles_cbow_500_r3,m_RT ~  (1|stimuli) + country +  Letters_n+logSUBTITLES,0.418,0.25,0.558,-0.016312808644096,22.92,0.005,1140.9
euc_subtitles_cbow_500_r5,m_RT ~  (1|stimuli) + country +  Letters_n+logSUBTITLES,0.454,0.299,0.594,-0.0384818441207147,18.57,0.002,1139.6
euc_subtitles_conditional_probability_None_r1,m_RT ~  (1|stimuli) + country +  Letters_n+logSUBTITLES,-0.164,-0.357,0.012,0.0035452022339248,-226.62,0.533,1139.6
euc_subtitles_conditional_probability_None_r10,m_RT ~  (1|stimuli) + country +  Letters_n+logSUBTITLES,0.107,-0.06,0.253,-0.0478499167663797,3860.36,0.068,1133.4
euc_subtitles_conditional_probability_None_r3,m_RT ~  (1|stimuli) + country +  Letters_n+logSUBTITLES,-0.201,-0.35,-0.014,-0.0243286004693544,45.61,0.974,1138.3
euc_subtitles_conditional_probability_None_r5,m_RT ~  (1|stimuli) + country +  Letters_n+logSUBTITLES,-0.066,-0.222,0.117,-0.0270939291881797,1142.68,0.419,1136.7
euc_subtitles_log_cooccurrence_None_r1,m_RT ~  (1|stimuli) + country +  Letters_n+logSUBTITLES,-0.276,-0.449,-0.08,0.113552153736293,-2.55,0.004,1144.5
euc_subtitles_log_cooccurrence_None_r10,m_RT ~  (1|stimuli) + country +  Letters_n+logSUBTITLES,-0.255,-0.457,-0.02,0.110935242955511,-0.66,0.04,1150.1
euc_subtitles_log_cooccurrence_None_r3,m_RT ~  (1|stimuli) + country +  Letters_n+logSUBTITLES,-0.251,-0.43,-0.023,0.119154937612753,-1.19,0.02,1148.1
euc_subtitles_log_cooccurrence_None_r5,m_RT ~  (1|stimuli) + country +  Letters_n+logSUBTITLES,-0.252,-0.454,-0.017,0.11655061873118,-0.9,0.028,1149.1
euc_subtitles_pmi_None_r1,m_RT ~  (1|stimuli) + country +  Letters_n+logSUBTITLES,-0.247,-0.383,-0.077,0.046381907904336,-0.6,0.001,1146.6
euc_subtitles_pmi_None_r10,m_RT ~  (1|stimuli) + country +  Letters_n+logSUBTITLES,-0.119,-0.315,0.09,0.0259437946414922,-0.47,0.017,1150.3
euc_subtitles_pmi_None_r3,m_RT ~  (1|stimuli) + country +  Letters_n+logSUBTITLES,-0.191,-0.356,-0.027,0.0359083868194763,-0.53,0.006,1148.9
euc_subtitles_pmi_None_r5,m_RT ~  (1|stimuli) + country +  Letters_n+logSUBTITLES,-0.141,-0.31,0.045,0.0298090881536952,-0.48,0.014,1150.1
euc_subtitles_ppmi_None_r1,m_RT ~  (1|stimuli) + country +  Letters_n+logSUBTITLES,-0.248,-0.408,-0.108,0.0415759439569708,-0.64,0.001,1146.2
euc_subtitles_ppmi_None_r10,m_RT ~  (1|stimuli) + country +  Letters_n+logSUBTITLES,-0.109,-0.302,0.057,0.0220110675393508,-0.54,0.016,1150
euc_subtitles_ppmi_None_r3,m_RT ~  (1|stimuli) + country +  Letters_n+logSUBTITLES,-0.186,-0.379,-0.005,0.0316839321717578,-0.58,0.006,1148.6
euc_subtitles_ppmi_None_r5,m_RT ~  (1|stimuli) + country +  Letters_n+logSUBTITLES,-0.132,-0.299,0.03,0.0257783467337275,-0.53,0.014,1149.9
euc_subtitles_probability_ratios_None_r1,m_RT ~  (1|stimuli) + country +  Letters_n+logSUBTITLES,-0.272,-0.406,-0.143,0.00192472841813156,0,0.638,1168.9
euc_subtitles_probability_ratios_None_r10,m_RT ~  (1|stimuli) + country +  Letters_n+logSUBTITLES,-0.121,-0.255,0.036,0.00889014413570243,0,0.454,1165
euc_subtitles_probability_ratios_None_r3,m_RT ~  (1|stimuli) + country +  Letters_n+logSUBTITLES,-0.211,-0.334,-0.075,0.00630056011189468,0,0.989,1167
euc_subtitles_probability_ratios_None_r5,m_RT ~  (1|stimuli) + country +  Letters_n+logSUBTITLES,-0.169,-0.306,-0.038,0.0073440691488977,0,0.782,1166.3
euc_subtitles_skipgram_100_r1,m_RT ~  (1|stimuli) + country +  Letters_n+logSUBTITLES,0.385,0.225,0.518,0.000461385337339097,70,0.004,1138.4
euc_subtitles_skipgram_100_r10,m_RT ~  (1|stimuli) + country +  Letters_n+logSUBTITLES,0.517,0.356,0.635,-0.0861465570222475,137.02,0,1125
euc_subtitles_skipgram_100_r3,m_RT ~  (1|stimuli) + country +  Letters_n+logSUBTITLES,0.493,0.346,0.623,-0.0384263763796698,108.51,0,1131.3
euc_subtitles_skipgram_100_r5,m_RT ~  (1|stimuli) + country +  Letters_n+logSUBTITLES,0.529,0.378,0.654,-0.0853658826344172,127.67,0,1125.7
euc_subtitles_skipgram_200_r1,m_RT ~  (1|stimuli) + country +  Letters_n+logSUBTITLES,0.374,0.206,0.525,0.00180719375056148,61.8,0.007,1139.4
euc_subtitles_skipgram_200_r10,m_RT ~  (1|stimuli) + country +  Letters_n+logSUBTITLES,0.396,0.247,0.541,-0.0271757681094067,108.88,0,1131.7
euc_subtitles_skipgram_200_r3,m_RT ~  (1|stimuli) + country +  Letters_n+logSUBTITLES,0.396,0.242,0.545,-0.0281617834396142,92.43,0.001,1134.9
euc_subtitles_skipgram_200_r5,m_RT ~  (1|stimuli) + country +  Letters_n+logSUBTITLES,0.461,0.31,0.595,-0.0499917843674994,107.46,0,1129.2
euc_subtitles_skipgram_300_r1,m_RT ~  (1|stimuli) + country +  Letters_n+logSUBTITLES,0.401,0.23,0.537,-0.0188528213259356,75.77,0.001,1136.8
euc_subtitles_skipgram_300_r10,m_RT ~  (1|stimuli) + country +  Letters_n+logSUBTITLES,0.367,0.215,0.501,-0.0351819220266557,113.19,0,1130.2
euc_subtitles_skipgram_300_r3,m_RT ~  (1|stimuli) + country +  Letters_n+logSUBTITLES,0.361,0.197,0.502,0.00419383772267338,94.92,0,1134.5
euc_subtitles_skipgram_300_r5,m_RT ~  (1|stimuli) + country +  Letters_n+logSUBTITLES,0.389,0.22,0.513,-0.0201098694468969,98.84,0,1132.2
euc_subtitles_skipgram_50_r1,m_RT ~  (1|stimuli) + country +  Letters_n+logSUBTITLES,0.364,0.188,0.515,0.00299943344869182,69.53,0.008,1139.5
euc_subtitles_skipgram_50_r10,m_RT ~  (1|stimuli) + country +  Letters_n+logSUBTITLES,0.537,0.391,0.662,-0.0943787946314063,139.91,0,1125.4
euc_subtitles_skipgram_50_r3,m_RT ~  (1|stimuli) + country +  Letters_n+logSUBTITLES,0.548,0.405,0.67,-0.0817720637416988,130.3,0,1123.8
euc_subtitles_skipgram_50_r5,m_RT ~  (1|stimuli) + country +  Letters_n+logSUBTITLES,0.547,0.415,0.657,-0.0723474281858912,122.8,0,1126.1
euc_subtitles_skipgram_500_r1,m_RT ~  (1|stimuli) + country +  Letters_n+logSUBTITLES,0.349,0.186,0.509,0.00290220227060114,55.19,0.014,1140.4
euc_subtitles_skipgram_500_r10,m_RT ~  (1|stimuli) + country +  Letters_n+logSUBTITLES,0.164,0.017,0.313,0.0088382331879268,88.44,0.002,1137.3
euc_subtitles_skipgram_500_r3,m_RT ~  (1|stimuli) + country +  Letters_n+logSUBTITLES,0.362,0.199,0.492,-0.0266679716699545,86.15,0,1134.1
euc_subtitles_skipgram_500_r5,m_RT ~  (1|stimuli) + country +  Letters_n+logSUBTITLES,0.264,0.079,0.412,-0.00991513300733788,87.79,0.001,1135.1
cor_subtitles_cbow_100_r1,m_RT ~  (1|stimuli) + country +  Letters_n+logSUBTITLES,0.159,-0.048,0.368,0.0204465301559752,136.41,0.191,1141
cor_subtitles_cbow_100_r10,m_RT ~  (1|stimuli) + country +  Letters_n+logSUBTITLES,0.37,0.155,0.544,-0.256467827278325,429.07,0,1126.9
cor_subtitles_cbow_100_r3,m_RT ~  (1|stimuli) + country +  Letters_n+logSUBTITLES,0.317,0.13,0.479,-0.0836080841292916,246.73,0.012,1137
cor_subtitles_cbow_100_r5,m_RT ~  (1|stimuli) + country +  Letters_n+logSUBTITLES,0.369,0.192,0.551,-0.147513185189429,325.56,0.002,1133.2
cor_subtitles_cbow_200_r1,m_RT ~  (1|stimuli) + country +  Letters_n+logSUBTITLES,0.172,-0.035,0.348,0.00430652524914703,200.45,0.132,1140.1
cor_subtitles_cbow_200_r10,m_RT ~  (1|stimuli) + country +  Letters_n+logSUBTITLES,0.293,0.044,0.487,-0.214703049596433,365.08,0.006,1134.6
cor_subtitles_cbow_200_r3,m_RT ~  (1|stimuli) + country +  Letters_n+logSUBTITLES,0.332,0.14,0.516,-0.0857166798710349,307.65,0.012,1136.5
cor_subtitles_cbow_200_r5,m_RT ~  (1|stimuli) + country +  Letters_n+logSUBTITLES,0.317,0.097,0.474,-0.159687677137812,354.15,0.004,1134.6
cor_subtitles_cbow_300_r1,m_RT ~  (1|stimuli) + country +  Letters_n+logSUBTITLES,0.122,-0.088,0.307,0.0520837904284494,107.97,0.479,1141.1
cor_subtitles_cbow_300_r10,m_RT ~  (1|stimuli) + country +  Letters_n+logSUBTITLES,0.277,0.059,0.47,-0.211225071009768,417.99,0.008,1134.9
cor_subtitles_cbow_300_r3,m_RT ~  (1|stimuli) + country +  Letters_n+logSUBTITLES,0.345,0.186,0.508,-0.112468637748057,393.24,0.006,1135
cor_subtitles_cbow_300_r5,m_RT ~  (1|stimuli) + country +  Letters_n+logSUBTITLES,0.311,0.118,0.488,-0.154188235932206,378.91,0.005,1134.7
cor_subtitles_cbow_50_r1,m_RT ~  (1|stimuli) + country +  Letters_n+logSUBTITLES,0.207,-0.007,0.394,0.0219930792359323,188.75,0.099,1140
cor_subtitles_cbow_50_r10,m_RT ~  (1|stimuli) + country +  Letters_n+logSUBTITLES,0.38,0.227,0.554,-0.173412306078948,263.51,0.001,1132.9
cor_subtitles_cbow_50_r3,m_RT ~  (1|stimuli) + country +  Letters_n+logSUBTITLES,0.428,0.294,0.573,-0.0823572861769982,274.9,0,1132
cor_subtitles_cbow_50_r5,m_RT ~  (1|stimuli) + country +  Letters_n+logSUBTITLES,0.396,0.222,0.567,-0.192416742262204,322.88,0,1130
cor_subtitles_cbow_500_r1,m_RT ~  (1|stimuli) + country +  Letters_n+logSUBTITLES,0.102,-0.094,0.243,0.0235122084562282,161.72,0.378,1140.6
cor_subtitles_cbow_500_r10,m_RT ~  (1|stimuli) + country +  Letters_n+logSUBTITLES,0.299,0.114,0.437,-0.182944356742293,416.78,0.01,1135.3
cor_subtitles_cbow_500_r3,m_RT ~  (1|stimuli) + country +  Letters_n+logSUBTITLES,0.297,0.087,0.478,-0.0574548275307362,365.94,0.028,1137.3
cor_subtitles_cbow_500_r5,m_RT ~  (1|stimuli) + country +  Letters_n+logSUBTITLES,0.321,0.104,0.503,-0.126284396005517,400.17,0.008,1135.4
cor_subtitles_conditional_probability_None_r1,m_RT ~  (1|stimuli) + country +  Letters_n+logSUBTITLES,-0.389,-0.551,-0.22,0.00817413352390566,-113.41,0.178,1141.3
cor_subtitles_conditional_probability_None_r10,m_RT ~  (1|stimuli) + country +  Letters_n+logSUBTITLES,0.038,-0.127,0.2,-0.0668457228289038,916.39,0.102,1136.6
cor_subtitles_conditional_probability_None_r3,m_RT ~  (1|stimuli) + country +  Letters_n+logSUBTITLES,-0.27,-0.428,-0.089,-0.0219328163119831,-22.59,0.803,1141.8
cor_subtitles_conditional_probability_None_r5,m_RT ~  (1|stimuli) + country +  Letters_n+logSUBTITLES,-0.125,-0.303,0.051,-0.0380861861262826,187.31,0.502,1140.2
cor_subtitles_log_cooccurrence_None_r1,m_RT ~  (1|stimuli) + country +  Letters_n+logSUBTITLES,0.158,0.024,0.292,0.170556963446328,84.54,0.577,1140.4
cor_subtitles_log_cooccurrence_None_r10,m_RT ~  (1|stimuli) + country +  Letters_n+logSUBTITLES,-0.073,-0.205,0.101,0.0898415584938081,10.47,0.817,1140.5
cor_subtitles_log_cooccurrence_None_r3,m_RT ~  (1|stimuli) + country +  Letters_n+logSUBTITLES,0.053,-0.091,0.198,0.124881612510223,181.62,0.42,1140.1
cor_subtitles_log_cooccurrence_None_r5,m_RT ~  (1|stimuli) + country +  Letters_n+logSUBTITLES,-0.018,-0.163,0.12,0.10929705747658,66.47,0.644,1140.4
cor_subtitles_pmi_None_r1,m_RT ~  (1|stimuli) + country +  Letters_n+logSUBTITLES,-0.333,-0.487,-0.161,0.218476886442596,-2232.26,0.022,1132.6
cor_subtitles_pmi_None_r10,m_RT ~  (1|stimuli) + country +  Letters_n+logSUBTITLES,-0.107,-0.327,0.071,0.0816209351882985,-635.91,0.364,1138
cor_subtitles_pmi_None_r3,m_RT ~  (1|stimuli) + country +  Letters_n+logSUBTITLES,-0.206,-0.38,-0.029,0.144894095998394,-1233.52,0.176,1136.4
cor_subtitles_pmi_None_r5,m_RT ~  (1|stimuli) + country +  Letters_n+logSUBTITLES,-0.131,-0.346,0.11,0.0954562515848896,-673.62,0.403,1137.9
cor_subtitles_ppmi_None_r1,m_RT ~  (1|stimuli) + country +  Letters_n+logSUBTITLES,-0.261,-0.425,-0.106,0.177696692871082,-1444.96,0.273,1136.4
cor_subtitles_ppmi_None_r10,m_RT ~  (1|stimuli) + country +  Letters_n+logSUBTITLES,-0.084,-0.274,0.127,0.0199649502232278,-427.57,0.735,1137.6
cor_subtitles_ppmi_None_r3,m_RT ~  (1|stimuli) + country +  Letters_n+logSUBTITLES,-0.158,-0.329,0.033,0.106815672408417,-861.02,0.686,1137
cor_subtitles_ppmi_None_r5,m_RT ~  (1|stimuli) + country +  Letters_n+logSUBTITLES,-0.074,-0.324,0.142,0.0271840576986367,67.4,0.907,1137.5
cor_subtitles_probability_ratios_None_r1,m_RT ~  (1|stimuli) + country +  Letters_n+logSUBTITLES,0.132,-0.014,0.308,0.192741103346037,-28421,0.22,1130.2
cor_subtitles_probability_ratios_None_r10,m_RT ~  (1|stimuli) + country +  Letters_n+logSUBTITLES,0.453,0.286,0.607,-0.309914429055593,27296.97,0,1110.4
cor_subtitles_probability_ratios_None_r3,m_RT ~  (1|stimuli) + country +  Letters_n+logSUBTITLES,0.311,0.144,0.45,-0.124066844166091,25633.38,0.015,1127.6
cor_subtitles_probability_ratios_None_r5,m_RT ~  (1|stimuli) + country +  Letters_n+logSUBTITLES,0.291,0.148,0.439,-0.319648714276005,24233.01,0,1117.6
cor_subtitles_skipgram_100_r1,m_RT ~  (1|stimuli) + country +  Letters_n+logSUBTITLES,0.329,0.14,0.506,-0.0238805312134928,354.72,0.011,1136.4
cor_subtitles_skipgram_100_r10,m_RT ~  (1|stimuli) + country +  Letters_n+logSUBTITLES,0.499,0.331,0.623,-0.192927174605365,566.87,0,1125.6
cor_subtitles_skipgram_100_r3,m_RT ~  (1|stimuli) + country +  Letters_n+logSUBTITLES,0.441,0.25,0.608,-0.0846280092561725,511.84,0.001,1132.2
cor_subtitles_skipgram_100_r5,m_RT ~  (1|stimuli) + country +  Letters_n+logSUBTITLES,0.501,0.345,0.628,-0.175595681161096,587.51,0,1126.4
cor_subtitles_skipgram_200_r1,m_RT ~  (1|stimuli) + country +  Letters_n+logSUBTITLES,0.282,0.092,0.465,-0.00619194317948163,295.04,0.047,1138.5
cor_subtitles_skipgram_200_r10,m_RT ~  (1|stimuli) + country +  Letters_n+logSUBTITLES,0.409,0.22,0.551,-0.0758808517367845,452.97,0.002,1133.4
cor_subtitles_skipgram_200_r3,m_RT ~  (1|stimuli) + country +  Letters_n+logSUBTITLES,0.348,0.156,0.504,-0.0752503581758003,448.19,0.006,1134.8
cor_subtitles_skipgram_200_r5,m_RT ~  (1|stimuli) + country +  Letters_n+logSUBTITLES,0.454,0.32,0.615,-0.135261223283357,568.49,0,1128.7
cor_subtitles_skipgram_300_r1,m_RT ~  (1|stimuli) + country +  Letters_n+logSUBTITLES,0.304,0.166,0.447,-0.054706445333521,490.22,0.007,1135
cor_subtitles_skipgram_300_r10,m_RT ~  (1|stimuli) + country +  Letters_n+logSUBTITLES,0.446,0.269,0.581,-0.110116539589466,571.24,0,1130.3
cor_subtitles_skipgram_300_r3,m_RT ~  (1|stimuli) + country +  Letters_n+logSUBTITLES,0.24,0.071,0.399,-0.013220261389318,492.26,0.014,1136.3
cor_subtitles_skipgram_300_r5,m_RT ~  (1|stimuli) + country +  Letters_n+logSUBTITLES,0.398,0.23,0.538,-0.0713345374513921,568.27,0.001,1131.5
cor_subtitles_skipgram_50_r1,m_RT ~  (1|stimuli) + country +  Letters_n+logSUBTITLES,0.264,0.078,0.448,-0.00917667703798908,272.55,0.046,1138.6
cor_subtitles_skipgram_50_r10,m_RT ~  (1|stimuli) + country +  Letters_n+logSUBTITLES,0.516,0.368,0.628,-0.166271253393915,502.92,0,1126
cor_subtitles_skipgram_50_r3,m_RT ~  (1|stimuli) + country +  Letters_n+logSUBTITLES,0.488,0.34,0.623,-0.162024449045767,633.62,0,1124.3
cor_subtitles_skipgram_50_r5,m_RT ~  (1|stimuli) + country +  Letters_n+logSUBTITLES,0.535,0.397,0.672,-0.110722477964102,480.45,0,1127
cor_subtitles_skipgram_500_r1,m_RT ~  (1|stimuli) + country +  Letters_n+logSUBTITLES,0.209,0.006,0.357,-0.00999585442768986,334.59,0.11,1138.9
cor_subtitles_skipgram_500_r10,m_RT ~  (1|stimuli) + country +  Letters_n+logSUBTITLES,0.275,0.134,0.419,0.00743414578599079,454.04,0.023,1136.9
cor_subtitles_skipgram_500_r3,m_RT ~  (1|stimuli) + country +  Letters_n+logSUBTITLES,0.381,0.212,0.539,-0.105166698567952,671.88,0.001,1130.9
cor_subtitles_skipgram_500_r5,m_RT ~  (1|stimuli) + country +  Letters_n+logSUBTITLES,0.322,0.155,0.488,-0.0591397461140393,575.08,0.002,1133.2
cor_llama_2_13b_chat_Q5_K_S_pairs,m_RT ~  (1|stimuli) + country +  Letters_n+logSUBTITLES,-0.48,-0.594,-0.354,-0.013905122973941,-211.29,0.137,1140.4
cor_llama_2_13b_chat_Q5_K_S_pairs_names_Upper,m_RT ~  (1|stimuli) + country +  Letters_n+logSUBTITLES,-0.51,-0.595,-0.399,-0.0167109922783401,-264.08,0.067,1139.7
cor_llama_2_7b_chat_Q4_K_M_pairs,m_RT ~  (1|stimuli) + country +  Letters_n+logSUBTITLES,-0.527,-0.648,-0.367,0.0247334898088676,-438.07,0.006,1135.1
cor_llama_2_7b_chat_Q4_K_M_pairs_names_Upper,m_RT ~  (1|stimuli) + country +  Letters_n+logSUBTITLES,-0.619,-0.711,-0.521,0.0052941979563628,-439.11,0,1126.2
cor_mistral_7b_v0_1_Q4_K_M_pairs,m_RT ~  (1|stimuli) + country +  Letters_n+logSUBTITLES,-0.465,-0.588,-0.321,-0.00250731280508673,-332.37,0.081,1139
cor_mistral_7b_v0_1_Q4_K_M_pairs_names_Upper,m_RT ~  (1|stimuli) + country +  Letters_n+logSUBTITLES,-0.589,-0.692,-0.475,0.00668072548873897,-584.35,0,1130.6
cos_llama_2_13b_chat_Q5_K_S_pairs,m_RT ~  (1|stimuli) + country +  Letters_n+logSUBTITLES,-0.48,-0.609,-0.346,-0.0138898539856878,-212.48,0.135,1140.3
cos_llama_2_13b_chat_Q5_K_S_pairs_names_Upper,m_RT ~  (1|stimuli) + country +  Letters_n+logSUBTITLES,-0.511,-0.618,-0.402,-0.0166614547277141,-265.43,0.066,1139.7
cos_llama_2_7b_chat_Q4_K_M_pairs,m_RT ~  (1|stimuli) + country +  Letters_n+logSUBTITLES,-0.527,-0.641,-0.367,0.0248067222993508,-438.07,0.006,1135.1
cos_llama_2_7b_chat_Q4_K_M_pairs_names_Upper,m_RT ~  (1|stimuli) + country +  Letters_n+logSUBTITLES,-0.619,-0.715,-0.51,0.00531946299137033,-439.24,0,1126.2
cos_mistral_7b_v0_1_Q4_K_M_pairs,m_RT ~  (1|stimuli) + country +  Letters_n+logSUBTITLES,-0.463,-0.589,-0.316,-0.00259980142361993,-327.91,0.085,1139
cos_mistral_7b_v0_1_Q4_K_M_pairs_names_Upper,m_RT ~  (1|stimuli) + country +  Letters_n+logSUBTITLES,-0.588,-0.693,-0.485,0.00661334630211045,-583.92,0,1130.7
euc_llama_2_13b_chat_Q5_K_S_pairs,m_RT ~  (1|stimuli) + country +  Letters_n+logSUBTITLES,-0.375,-0.505,-0.226,-0.0187983453387059,-0.87,0.597,1150.2
euc_llama_2_13b_chat_Q5_K_S_pairs_names_Upper,m_RT ~  (1|stimuli) + country +  Letters_n+logSUBTITLES,-0.443,-0.548,-0.316,-0.0209598886744024,-1.64,0.36,1149.9
euc_llama_2_7b_chat_Q4_K_M_pairs,m_RT ~  (1|stimuli) + country +  Letters_n+logSUBTITLES,-0.264,-0.435,-0.108,0.0259036815500879,-0.51,0.783,1150.7
euc_llama_2_7b_chat_Q4_K_M_pairs_names_Upper,m_RT ~  (1|stimuli) + country +  Letters_n+logSUBTITLES,-0.46,-0.583,-0.331,0.0144419218396562,-1.99,0.097,1149.1
euc_mistral_7b_v0_1_Q4_K_M_pairs,m_RT ~  (1|stimuli) + country +  Letters_n+logSUBTITLES,-0.395,-0.539,-0.245,-0.000988465401822249,-0.89,0.073,1150.6
euc_mistral_7b_v0_1_Q4_K_M_pairs_names_Upper,m_RT ~  (1|stimuli) + country +  Letters_n+logSUBTITLES,-0.597,-0.675,-0.501,0.0052161415008312,-1.73,0,1139.9
cor_glove_6B_300d_pairs,m_RT ~  (1|stimuli) + country +  Letters_n+logSUBTITLES,-0.283,-0.436,-0.082,-0.0478412240573369,-107.24,0.448,1141.2
cos_glove_6B_300d_pairs,m_RT ~  (1|stimuli) + country +  Letters_n+logSUBTITLES,-0.287,-0.441,-0.118,-0.0481560448273562,-109.47,0.439,1141.2
euc_glove_6B_300d_pairs,m_RT ~  (1|stimuli) + country +  Letters_n+logSUBTITLES,-0.21,-0.381,-0.034,-0.0412384990143565,-13.59,0.598,1144.8
bnc_conditional_probability_ngram_None_r1,m_RT ~  (1|stimuli) + country +  Letters_n+logBNC,0.135,-0.078,0.327,0.0322822210007669,20623.89,0.337,1129.7
bnc_conditional_probability_ngram_None_r10,m_RT ~  (1|stimuli) + country +  Letters_n+logBNC,-0.371,-0.519,-0.219,0.0586914578036892,-90740.8,0.067,1126
bnc_conditional_probability_ngram_None_r3,m_RT ~  (1|stimuli) + country +  Letters_n+logBNC,-0.143,-0.388,0.12,0.10957187356543,-47121.98,0.323,1128.1
bnc_conditional_probability_ngram_None_r5,m_RT ~  (1|stimuli) + country +  Letters_n+logBNC,-0.292,-0.475,-0.087,0.139058028462317,-85497.7,0.076,1126
bnc_log_ngram_None_r1,m_RT ~  (1|stimuli) + country +  Letters_n+logBNC,0.283,0.079,0.462,0.0306854794444468,-0.77,0.949,1143.4
bnc_log_ngram_None_r10,m_RT ~  (1|stimuli) + country +  Letters_n+logBNC,0.168,-0.012,0.338,0.0418699300145942,-29.74,0.269,1142.8
bnc_log_ngram_None_r3,m_RT ~  (1|stimuli) + country +  Letters_n+logBNC,0.243,0.051,0.43,-0.000492183583406575,-3.74,0.916,1143.7
bnc_log_ngram_None_r5,m_RT ~  (1|stimuli) + country +  Letters_n+logBNC,0.18,0.024,0.367,0.0479582128908962,-27.5,0.352,1143
bnc_pmi_ngram_None_r1,m_RT ~  (1|stimuli) + country +  Letters_n+logBNC,0.07,-0.124,0.261,0.0775099854770681,4.61,0.515,1146
bnc_pmi_ngram_None_r10,m_RT ~  (1|stimuli) + country +  Letters_n+logBNC,-0.227,-0.402,-0.023,0.131364704084906,-23.15,0.033,1141.3
bnc_pmi_ngram_None_r3,m_RT ~  (1|stimuli) + country +  Letters_n+logBNC,-0.011,-0.196,0.136,0.0791866163192549,2.02,0.769,1145.7
bnc_pmi_ngram_None_r5,m_RT ~  (1|stimuli) + country +  Letters_n+logBNC,-0.175,-0.375,0.041,0.193468936963348,-24.9,0.124,1142.7
bnc_ppmi_ngram_None_r1,m_RT ~  (1|stimuli) + country +  Letters_n+logBNC,0.179,0.004,0.356,0.0253530318394099,12,0.247,1144.7
bnc_ppmi_ngram_None_r10,m_RT ~  (1|stimuli) + country +  Letters_n+logBNC,-0.157,-0.333,0.008,0.113872592261508,-21.7,0.27,1143.5
bnc_ppmi_ngram_None_r3,m_RT ~  (1|stimuli) + country +  Letters_n+logBNC,0.003,-0.225,0.226,0.197405750487248,-40.69,0.224,1142.5
bnc_ppmi_ngram_None_r5,m_RT ~  (1|stimuli) + country +  Letters_n+logBNC,-0.082,-0.33,0.137,0.240948475174129,-54,0.08,1140.6
bnc_probability_ratio_ngram_None_r1,m_RT ~  (1|stimuli) + country +  Letters_n+logBNC,0.169,0.003,0.326,0.0445015116002273,1.91,0.328,1148.3
bnc_probability_ratio_ngram_None_r10,m_RT ~  (1|stimuli) + country +  Letters_n+logBNC,-0.102,-0.23,0.046,0.0847465897441405,-8.97,0.391,1145.2
bnc_probability_ratio_ngram_None_r3,m_RT ~  (1|stimuli) + country +  Letters_n+logBNC,0.107,-0.117,0.296,0.110753023911154,-1.4,0.989,1147
bnc_probability_ratio_ngram_None_r5,m_RT ~  (1|stimuli) + country +  Letters_n+logBNC,-0.007,-0.229,0.161,0.19662293703211,-15.19,0.266,1144.5
cos_bnc_cbow_100_r1,m_RT ~  (1|stimuli) + country +  Letters_n+logBNC,-0.118,-0.336,0.116,-0.0762167202374163,21.92,0.984,1140.9
cos_bnc_cbow_100_r10,m_RT ~  (1|stimuli) + country +  Letters_n+logBNC,0.214,0.039,0.386,-0.200808484287357,258.21,0.033,1136.3
cos_bnc_cbow_100_r3,m_RT ~  (1|stimuli) + country +  Letters_n+logBNC,0.066,-0.119,0.254,-0.177677671184022,213.02,0.131,1138.6
cos_bnc_cbow_100_r5,m_RT ~  (1|stimuli) + country +  Letters_n+logBNC,0.129,-0.06,0.315,-0.207629502421269,260.52,0.061,1137.2
cos_bnc_cbow_200_r1,m_RT ~  (1|stimuli) + country +  Letters_n+logBNC,-0.05,-0.283,0.156,-0.103943455367764,78.69,0.716,1140.5
cos_bnc_cbow_200_r10,m_RT ~  (1|stimuli) + country +  Letters_n+logBNC,0.197,0.016,0.399,-0.20077741748872,240.14,0.056,1137.2
cos_bnc_cbow_200_r3,m_RT ~  (1|stimuli) + country +  Letters_n+logBNC,0.122,-0.081,0.315,-0.17049497399696,216.91,0.142,1138.6
cos_bnc_cbow_200_r5,m_RT ~  (1|stimuli) + country +  Letters_n+logBNC,0.232,0.031,0.401,-0.215819696177859,376.84,0.014,1134.2
cos_bnc_cbow_300_r1,m_RT ~  (1|stimuli) + country +  Letters_n+logBNC,-0.062,-0.267,0.139,-0.0872904984357375,37.32,0.939,1140.6
cos_bnc_cbow_300_r10,m_RT ~  (1|stimuli) + country +  Letters_n+logBNC,0.183,-0.006,0.339,-0.202398894911746,255.08,0.047,1136.9
cos_bnc_cbow_300_r3,m_RT ~  (1|stimuli) + country +  Letters_n+logBNC,0.097,-0.094,0.3,-0.161101225475858,167.38,0.211,1139.4
cos_bnc_cbow_300_r5,m_RT ~  (1|stimuli) + country +  Letters_n+logBNC,0.166,0,0.33,-0.197056974327118,248.58,0.054,1137.1
cos_bnc_cbow_50_r1,m_RT ~  (1|stimuli) + country +  Letters_n+logBNC,-0.11,-0.318,0.112,-0.123795702104667,74.82,0.681,1140.9
cos_bnc_cbow_50_r10,m_RT ~  (1|stimuli) + country +  Letters_n+logBNC,0.198,0.017,0.39,-0.193729673132712,187.93,0.053,1137.6
cos_bnc_cbow_50_r3,m_RT ~  (1|stimuli) + country +  Letters_n+logBNC,0.089,-0.087,0.282,-0.179152763799409,187.89,0.089,1138.3
cos_bnc_cbow_50_r5,m_RT ~  (1|stimuli) + country +  Letters_n+logBNC,0.165,-0.038,0.349,-0.18366284714464,175.93,0.057,1137.9
cos_bnc_cbow_500_r1,m_RT ~  (1|stimuli) + country +  Letters_n+logBNC,-0.066,-0.292,0.128,-0.0793797544279757,11.54,0.928,1140.6
cos_bnc_cbow_500_r10,m_RT ~  (1|stimuli) + country +  Letters_n+logBNC,0.186,-0.019,0.385,-0.187908347656651,213.32,0.067,1137.7
cos_bnc_cbow_500_r3,m_RT ~  (1|stimuli) + country +  Letters_n+logBNC,0.166,-0.033,0.364,-0.184679887082626,298.04,0.078,1137.3
cos_bnc_cbow_500_r5,m_RT ~  (1|stimuli) + country +  Letters_n+logBNC,0.203,0.014,0.369,-0.225072601408952,364.7,0.015,1134.4
cos_bnc_conditional_probability_None_r1,m_RT ~  (1|stimuli) + country +  Letters_n+logBNC,-0.334,-0.492,-0.14,0.0110435335669609,-27.25,0.693,1141.7
cos_bnc_conditional_probability_None_r10,m_RT ~  (1|stimuli) + country +  Letters_n+logBNC,-0.358,-0.475,-0.238,0.0334359065667595,-656.01,0.196,1136.6
cos_bnc_conditional_probability_None_r3,m_RT ~  (1|stimuli) + country +  Letters_n+logBNC,-0.336,-0.469,-0.203,0.0362830082842731,-81.18,0.617,1140
cos_bnc_conditional_probability_None_r5,m_RT ~  (1|stimuli) + country +  Letters_n+logBNC,-0.344,-0.473,-0.197,0.0410362086315751,-240.53,0.413,1138.5
cos_bnc_log_cooccurrence_None_r1,m_RT ~  (1|stimuli) + country +  Letters_n+logBNC,-0.473,-0.593,-0.344,0.0332497265465534,-634.63,0.014,1134.3
cos_bnc_log_cooccurrence_None_r10,m_RT ~  (1|stimuli) + country +  Letters_n+logBNC,-0.459,-0.577,-0.339,0.0269504877065445,-596.21,0.013,1134.1
cos_bnc_log_cooccurrence_None_r3,m_RT ~  (1|stimuli) + country +  Letters_n+logBNC,-0.479,-0.605,-0.289,0.0414215343871884,-757.19,0.003,1131.7
cos_bnc_log_cooccurrence_None_r5,m_RT ~  (1|stimuli) + country +  Letters_n+logBNC,-0.472,-0.584,-0.3,0.0329032176883581,-685.97,0.006,1132.7
cos_bnc_pmi_None_r1,m_RT ~  (1|stimuli) + country +  Letters_n+logBNC,-0.479,-0.597,-0.332,0.123743633946069,-3214.79,0.009,1129.7
cos_bnc_pmi_None_r10,m_RT ~  (1|stimuli) + country +  Letters_n+logBNC,-0.067,-0.277,0.166,-0.0491166378598147,405.57,0.614,1137
cos_bnc_pmi_None_r3,m_RT ~  (1|stimuli) + country +  Letters_n+logBNC,-0.305,-0.495,-0.108,0.0232257342902481,-1025.91,0.256,1135.7
cos_bnc_pmi_None_r5,m_RT ~  (1|stimuli) + country +  Letters_n+logBNC,-0.217,-0.405,0.014,-0.0162884999415336,-420.81,0.578,1136.9
cos_bnc_ppmi_None_r1,m_RT ~  (1|stimuli) + country +  Letters_n+logBNC,-0.408,-0.547,-0.274,0.103684026188819,-2889.07,0.07,1132.6
cos_bnc_ppmi_None_r10,m_RT ~  (1|stimuli) + country +  Letters_n+logBNC,0.073,-0.111,0.254,-0.0856575440140172,1729.62,0.113,1134.2
cos_bnc_ppmi_None_r3,m_RT ~  (1|stimuli) + country +  Letters_n+logBNC,-0.195,-0.384,-0.002,-0.0231372570190509,-312.69,0.798,1136.1
cos_bnc_ppmi_None_r5,m_RT ~  (1|stimuli) + country +  Letters_n+logBNC,-0.102,-0.285,0.073,-0.0624863856726566,553.86,0.701,1136.2
cos_bnc_probability_ratios_None_r1,m_RT ~  (1|stimuli) + country +  Letters_n+logBNC,-0.219,-0.398,-0.029,0.333348904010919,-107900.91,0.004,1121.1
cos_bnc_probability_ratios_None_r10,m_RT ~  (1|stimuli) + country +  Letters_n+logBNC,0.104,-0.105,0.293,-0.068588225394362,8827.77,0.025,1129.4
cos_bnc_probability_ratios_None_r3,m_RT ~  (1|stimuli) + country +  Letters_n+logBNC,0.163,-0.032,0.335,-0.136111206651138,7662.6,0.096,1131
cos_bnc_probability_ratios_None_r5,m_RT ~  (1|stimuli) + country +  Letters_n+logBNC,0.064,-0.145,0.252,-0.199473818117041,12419.89,0.02,1128
cos_bnc_skipgram_100_r1,m_RT ~  (1|stimuli) + country +  Letters_n+logBNC,-0.048,-0.28,0.205,-0.122485065221143,147.96,0.409,1139.8
cos_bnc_skipgram_100_r10,m_RT ~  (1|stimuli) + country +  Letters_n+logBNC,0.149,-0.044,0.329,-0.234029021306593,814.08,0.001,1127.6
cos_bnc_skipgram_100_r3,m_RT ~  (1|stimuli) + country +  Letters_n+logBNC,0.04,-0.168,0.24,-0.151092932201463,295.05,0.1,1137.5
cos_bnc_skipgram_100_r5,m_RT ~  (1|stimuli) + country +  Letters_n+logBNC,0.113,-0.121,0.354,-0.123165349436858,378.73,0.041,1136
cos_bnc_skipgram_200_r1,m_RT ~  (1|stimuli) + country +  Letters_n+logBNC,-0.075,-0.265,0.127,-0.110911614056671,125.62,0.549,1140
cos_bnc_skipgram_200_r10,m_RT ~  (1|stimuli) + country +  Letters_n+logBNC,0.005,-0.182,0.211,-0.149625414994742,483.02,0.035,1135.2
cos_bnc_skipgram_200_r3,m_RT ~  (1|stimuli) + country +  Letters_n+logBNC,-0.058,-0.258,0.118,-0.0706932247492045,108.18,0.544,1140.1
cos_bnc_skipgram_200_r5,m_RT ~  (1|stimuli) + country +  Letters_n+logBNC,-0.037,-0.267,0.192,-0.135473885018556,230.69,0.221,1138.7
cos_bnc_skipgram_300_r1,m_RT ~  (1|stimuli) + country +  Letters_n+logBNC,-0.003,-0.184,0.203,-0.14665478112281,248.94,0.238,1138.6
cos_bnc_skipgram_300_r10,m_RT ~  (1|stimuli) + country +  Letters_n+logBNC,-0.036,-0.255,0.169,-0.101958550760447,373.67,0.092,1137
cos_bnc_skipgram_300_r3,m_RT ~  (1|stimuli) + country +  Letters_n+logBNC,-0.053,-0.243,0.152,-0.129122571442016,179.04,0.391,1139.4
cos_bnc_skipgram_300_r5,m_RT ~  (1|stimuli) + country +  Letters_n+logBNC,-0.09,-0.325,0.121,-0.0836890059695204,160.68,0.389,1139.5
cos_bnc_skipgram_50_r1,m_RT ~  (1|stimuli) + country +  Letters_n+logBNC,-0.027,-0.231,0.178,-0.092536800029624,133.88,0.422,1140
cos_bnc_skipgram_50_r10,m_RT ~  (1|stimuli) + country +  Letters_n+logBNC,0.176,-0.044,0.359,-0.191096628000312,469.85,0.007,1132.9
cos_bnc_skipgram_50_r3,m_RT ~  (1|stimuli) + country +  Letters_n+logBNC,0.104,-0.095,0.306,-0.181288439285963,306.86,0.089,1137.3
cos_bnc_skipgram_50_r5,m_RT ~  (1|stimuli) + country +  Letters_n+logBNC,0.203,0.039,0.386,-0.105823493380554,248.96,0.112,1138
cos_bnc_skipgram_500_r1,m_RT ~  (1|stimuli) + country +  Letters_n+logBNC,-0.009,-0.193,0.192,-0.135789559455613,227.3,0.348,1139
cos_bnc_skipgram_500_r10,m_RT ~  (1|stimuli) + country +  Letters_n+logBNC,-0.124,-0.315,0.047,-0.0882491026326391,304.75,0.223,1138.2
cos_bnc_skipgram_500_r3,m_RT ~  (1|stimuli) + country +  Letters_n+logBNC,-0.031,-0.215,0.175,-0.0691983046165164,182.03,0.389,1139.3
cos_bnc_skipgram_500_r5,m_RT ~  (1|stimuli) + country +  Letters_n+logBNC,-0.113,-0.337,0.112,-0.113321927131099,284.42,0.242,1138.4
euc_bnc_cbow_100_r1,m_RT ~  (1|stimuli) + country +  Letters_n+logBNC,-0.025,-0.243,0.203,-0.0552018218268491,14.12,0.392,1144.3
euc_bnc_cbow_100_r10,m_RT ~  (1|stimuli) + country +  Letters_n+logBNC,0.5,0.351,0.629,-0.140656346870531,17.85,0,1132.9
euc_bnc_cbow_100_r3,m_RT ~  (1|stimuli) + country +  Letters_n+logBNC,0.252,0.039,0.448,-0.140622490963867,23.15,0.008,1139.5
euc_bnc_cbow_100_r5,m_RT ~  (1|stimuli) + country +  Letters_n+logBNC,0.369,0.176,0.529,-0.163609967059921,21.54,0.001,1136.5
euc_bnc_cbow_200_r1,m_RT ~  (1|stimuli) + country +  Letters_n+logBNC,0.075,-0.134,0.294,-0.0736075449419278,20.68,0.245,1143.5
euc_bnc_cbow_200_r10,m_RT ~  (1|stimuli) + country +  Letters_n+logBNC,0.496,0.337,0.628,-0.143321578382559,17.48,0,1134.2
euc_bnc_cbow_200_r3,m_RT ~  (1|stimuli) + country +  Letters_n+logBNC,0.314,0.109,0.498,-0.119354842776095,23.89,0.009,1139.6
euc_bnc_cbow_200_r5,m_RT ~  (1|stimuli) + country +  Letters_n+logBNC,0.469,0.288,0.608,-0.148417916859875,23.35,0,1133.9
euc_bnc_cbow_300_r1,m_RT ~  (1|stimuli) + country +  Letters_n+logBNC,0.083,-0.117,0.282,-0.0618625230518681,19.42,0.311,1143.7
euc_bnc_cbow_300_r10,m_RT ~  (1|stimuli) + country +  Letters_n+logBNC,0.474,0.306,0.608,-0.142343830303741,17.09,0,1135.1
euc_bnc_cbow_300_r3,m_RT ~  (1|stimuli) + country +  Letters_n+logBNC,0.31,0.115,0.424,-0.11965570245022,23.32,0.011,1139.9
euc_bnc_cbow_300_r5,m_RT ~  (1|stimuli) + country +  Letters_n+logBNC,0.425,0.268,0.564,-0.149915199432183,24.25,0,1134.8
euc_bnc_cbow_50_r1,m_RT ~  (1|stimuli) + country +  Letters_n+logBNC,-0.026,-0.287,0.23,-0.0910344536261158,18.53,0.279,1143.8
euc_bnc_cbow_50_r10,m_RT ~  (1|stimuli) + country +  Letters_n+logBNC,0.475,0.298,0.635,-0.158130349034365,17.42,0,1134
euc_bnc_cbow_50_r3,m_RT ~  (1|stimuli) + country +  Letters_n+logBNC,0.234,0.021,0.433,-0.145544903731832,26.04,0.006,1138.5
euc_bnc_cbow_50_r5,m_RT ~  (1|stimuli) + country +  Letters_n+logBNC,0.367,0.2,0.532,-0.151754528850151,20.92,0.001,1136.3
euc_bnc_cbow_500_r1,m_RT ~  (1|stimuli) + country +  Letters_n+logBNC,0.089,-0.124,0.277,-0.0572121531201203,18.14,0.363,1143.9
euc_bnc_cbow_500_r10,m_RT ~  (1|stimuli) + country +  Letters_n+logBNC,0.494,0.338,0.621,-0.132335429741104,16.79,0,1134.7
euc_bnc_cbow_500_r3,m_RT ~  (1|stimuli) + country +  Letters_n+logBNC,0.376,0.206,0.534,-0.125942314124742,27.39,0.003,1137.7
euc_bnc_cbow_500_r5,m_RT ~  (1|stimuli) + country +  Letters_n+logBNC,0.448,0.291,0.595,-0.160105496182976,25.01,0,1134
euc_bnc_conditional_probability_None_r1,m_RT ~  (1|stimuli) + country +  Letters_n+logBNC,-0.033,-0.227,0.158,0.00305288174847263,284.84,0.421,1138.2
euc_bnc_conditional_probability_None_r10,m_RT ~  (1|stimuli) + country +  Letters_n+logBNC,-0.435,-0.556,-0.271,0.0385669852084101,-4301.46,0.053,1131.7
euc_bnc_conditional_probability_None_r3,m_RT ~  (1|stimuli) + country +  Letters_n+logBNC,-0.424,-0.55,-0.269,0.0320727536835918,-1349.66,0.215,1135.2
euc_bnc_conditional_probability_None_r5,m_RT ~  (1|stimuli) + country +  Letters_n+logBNC,-0.457,-0.59,-0.314,0.0368925389206372,-2889.68,0.071,1132.9
euc_bnc_log_cooccurrence_None_r1,m_RT ~  (1|stimuli) + country +  Letters_n+logBNC,-0.133,-0.335,0.088,0.0730943275264226,-3.14,0.009,1144.4
euc_bnc_log_cooccurrence_None_r10,m_RT ~  (1|stimuli) + country +  Letters_n+logBNC,-0.299,-0.493,-0.096,0.0994755816630588,-1.04,0.017,1147.2
euc_bnc_log_cooccurrence_None_r3,m_RT ~  (1|stimuli) + country +  Letters_n+logBNC,-0.229,-0.425,-0.043,0.0993136027230096,-1.8,0.011,1145.6
euc_bnc_log_cooccurrence_None_r5,m_RT ~  (1|stimuli) + country +  Letters_n+logBNC,-0.268,-0.414,-0.087,0.100645639722911,-1.41,0.013,1146.3
euc_bnc_pmi_None_r1,m_RT ~  (1|stimuli) + country +  Letters_n+logBNC,-0.154,-0.27,-0.008,0.0378859757124619,-0.52,0.001,1144.7
euc_bnc_pmi_None_r10,m_RT ~  (1|stimuli) + country +  Letters_n+logBNC,-0.029,-0.186,0.167,0.0251537460813086,-0.45,0.005,1147.7
euc_bnc_pmi_None_r3,m_RT ~  (1|stimuli) + country +  Letters_n+logBNC,-0.104,-0.252,0.045,0.031150710096384,-0.52,0.001,1145.4
euc_bnc_pmi_None_r5,m_RT ~  (1|stimuli) + country +  Letters_n+logBNC,-0.084,-0.237,0.075,0.0283245923721428,-0.5,0.002,1146
euc_bnc_ppmi_None_r1,m_RT ~  (1|stimuli) + country +  Letters_n+logBNC,-0.155,-0.312,0.016,0.0356205440516944,-0.52,0.001,1144.8
euc_bnc_ppmi_None_r10,m_RT ~  (1|stimuli) + country +  Letters_n+logBNC,-0.031,-0.191,0.129,0.0245470395384678,-0.46,0.005,1147.5
euc_bnc_ppmi_None_r3,m_RT ~  (1|stimuli) + country +  Letters_n+logBNC,-0.105,-0.261,0.054,0.0294215333650434,-0.53,0.001,1145.5
euc_bnc_ppmi_None_r5,m_RT ~  (1|stimuli) + country +  Letters_n+logBNC,-0.085,-0.249,0.075,0.026932301316599,-0.51,0.002,1146
euc_bnc_probability_ratios_None_r1,m_RT ~  (1|stimuli) + country +  Letters_n+logBNC,-0.468,-0.58,-0.342,0.00260279680992484,0,0.01,1162.5
euc_bnc_probability_ratios_None_r10,m_RT ~  (1|stimuli) + country +  Letters_n+logBNC,-0.396,-0.511,-0.262,0.00459673140755428,0,0.091,1162.3
euc_bnc_probability_ratios_None_r3,m_RT ~  (1|stimuli) + country +  Letters_n+logBNC,-0.426,-0.542,-0.294,0.00272372780572816,0,0.042,1162.9
euc_bnc_probability_ratios_None_r5,m_RT ~  (1|stimuli) + country +  Letters_n+logBNC,-0.412,-0.534,-0.288,0.00330705723498784,0,0.064,1162.8
euc_bnc_skipgram_100_r1,m_RT ~  (1|stimuli) + country +  Letters_n+logBNC,0.017,-0.2,0.211,-0.0903059370307614,35.9,0.179,1142.3
euc_bnc_skipgram_100_r10,m_RT ~  (1|stimuli) + country +  Letters_n+logBNC,0.132,-0.084,0.31,-0.157779335744934,171.15,0,1129.7
euc_bnc_skipgram_100_r3,m_RT ~  (1|stimuli) + country +  Letters_n+logBNC,0.123,-0.073,0.317,-0.101645425254499,69.73,0.02,1138.6
euc_bnc_skipgram_100_r5,m_RT ~  (1|stimuli) + country +  Letters_n+logBNC,0.149,-0.043,0.319,-0.072681039060869,83.05,0.01,1137.5
euc_bnc_skipgram_200_r1,m_RT ~  (1|stimuli) + country +  Letters_n+logBNC,-0.003,-0.193,0.206,-0.0718163865927805,26.91,0.289,1143.1
euc_bnc_skipgram_200_r10,m_RT ~  (1|stimuli) + country +  Letters_n+logBNC,-0.085,-0.27,0.118,-0.0738808547969444,93.98,0.018,1137.8
euc_bnc_skipgram_200_r3,m_RT ~  (1|stimuli) + country +  Letters_n+logBNC,0.004,-0.18,0.204,-0.036433051790464,35.55,0.155,1142.2
euc_bnc_skipgram_200_r5,m_RT ~  (1|stimuli) + country +  Letters_n+logBNC,-0.02,-0.227,0.202,-0.0742488990015853,56.84,0.062,1140.4
euc_bnc_skipgram_300_r1,m_RT ~  (1|stimuli) + country +  Letters_n+logBNC,0.062,-0.175,0.299,-0.0870039383908926,33.65,0.168,1142.4
euc_bnc_skipgram_300_r10,m_RT ~  (1|stimuli) + country +  Letters_n+logBNC,-0.177,-0.37,0.055,-0.0376331748380435,56.86,0.099,1140.9
euc_bnc_skipgram_300_r3,m_RT ~  (1|stimuli) + country +  Letters_n+logBNC,0.024,-0.218,0.237,-0.0615796197366888,35.77,0.132,1142.1
euc_bnc_skipgram_300_r5,m_RT ~  (1|stimuli) + country +  Letters_n+logBNC,-0.083,-0.302,0.11,-0.0370057766113786,37.45,0.154,1142.1
euc_bnc_skipgram_50_r1,m_RT ~  (1|stimuli) + country +  Letters_n+logBNC,0.032,-0.16,0.252,-0.0705216731759183,36.55,0.192,1142.3
euc_bnc_skipgram_50_r10,m_RT ~  (1|stimuli) + country +  Letters_n+logBNC,0.172,-0.042,0.393,-0.138550026188446,112.26,0.003,1134.9
euc_bnc_skipgram_50_r3,m_RT ~  (1|stimuli) + country +  Letters_n+logBNC,0.191,-0.014,0.396,-0.135104952823161,81.79,0.017,1137.9
euc_bnc_skipgram_50_r5,m_RT ~  (1|stimuli) + country +  Letters_n+logBNC,0.267,0.05,0.455,-0.0780106944332751,78.12,0.018,1138.4
euc_bnc_skipgram_500_r1,m_RT ~  (1|stimuli) + country +  Letters_n+logBNC,0.06,-0.185,0.281,-0.0809696113752722,32.25,0.228,1142.6
euc_bnc_skipgram_500_r10,m_RT ~  (1|stimuli) + country +  Letters_n+logBNC,-0.272,-0.422,-0.069,-0.0259203022124023,32.95,0.323,1142.7
euc_bnc_skipgram_500_r3,m_RT ~  (1|stimuli) + country +  Letters_n+logBNC,0.032,-0.181,0.239,-0.0297080982483717,34.44,0.118,1142.1
euc_bnc_skipgram_500_r5,m_RT ~  (1|stimuli) + country +  Letters_n+logBNC,-0.09,-0.272,0.115,-0.03986384210067,35.4,0.132,1142.1
cor_bnc_cbow_100_r1,m_RT ~  (1|stimuli) + country +  Letters_n+logBNC,-0.102,-0.269,0.101,-0.0687240925765123,14.93,0.986,1141
cor_bnc_cbow_100_r10,m_RT ~  (1|stimuli) + country +  Letters_n+logBNC,0.21,0.002,0.391,-0.190914442484067,226.28,0.048,1137.1
cor_bnc_cbow_100_r3,m_RT ~  (1|stimuli) + country +  Letters_n+logBNC,0.111,-0.092,0.311,-0.16597481500349,188.89,0.127,1138.7
cor_bnc_cbow_100_r5,m_RT ~  (1|stimuli) + country +  Letters_n+logBNC,0.127,-0.046,0.265,-0.196263375059093,218.05,0.092,1138.1
cor_bnc_cbow_200_r1,m_RT ~  (1|stimuli) + country +  Letters_n+logBNC,-0.062,-0.259,0.149,-0.0814268651674411,35.56,0.919,1140.7
cor_bnc_cbow_200_r10,m_RT ~  (1|stimuli) + country +  Letters_n+logBNC,0.191,-0.005,0.381,-0.194377476545754,220.12,0.072,1137.7
cor_bnc_cbow_200_r3,m_RT ~  (1|stimuli) + country +  Letters_n+logBNC,0.121,-0.056,0.313,-0.15748228378205,183.54,0.19,1139.2
cor_bnc_cbow_200_r5,m_RT ~  (1|stimuli) + country +  Letters_n+logBNC,0.224,0.025,0.389,-0.209288294816273,334.31,0.021,1135.1
cor_bnc_cbow_300_r1,m_RT ~  (1|stimuli) + country +  Letters_n+logBNC,-0.064,-0.296,0.154,-0.0823406389013217,27.27,0.983,1140.6
cor_bnc_cbow_300_r10,m_RT ~  (1|stimuli) + country +  Letters_n+logBNC,0.184,-0.019,0.378,-0.203385495041695,250.72,0.048,1136.9
cor_bnc_cbow_300_r3,m_RT ~  (1|stimuli) + country +  Letters_n+logBNC,0.096,-0.055,0.26,-0.156911391571155,158.13,0.231,1139.6
cor_bnc_cbow_300_r5,m_RT ~  (1|stimuli) + country +  Letters_n+logBNC,0.165,-0.024,0.331,-0.192892177665884,238.55,0.061,1137.4
cor_bnc_cbow_50_r1,m_RT ~  (1|stimuli) + country +  Letters_n+logBNC,-0.02,-0.21,0.171,-0.114649046991541,88.34,0.504,1140.8
cor_bnc_cbow_50_r10,m_RT ~  (1|stimuli) + country +  Letters_n+logBNC,0.194,0,0.375,-0.190015508993938,182.87,0.06,1137.9
cor_bnc_cbow_50_r3,m_RT ~  (1|stimuli) + country +  Letters_n+logBNC,0.075,-0.125,0.277,-0.178100006452213,181.33,0.113,1138.7
cor_bnc_cbow_50_r5,m_RT ~  (1|stimuli) + country +  Letters_n+logBNC,0.162,-0.02,0.365,-0.197444241993504,197.34,0.048,1137.4
cor_bnc_cbow_500_r1,m_RT ~  (1|stimuli) + country +  Letters_n+logBNC,-0.069,-0.269,0.151,-0.0772756860768509,6.57,0.906,1140.6
cor_bnc_cbow_500_r10,m_RT ~  (1|stimuli) + country +  Letters_n+logBNC,0.185,0.006,0.394,-0.188612554966859,212.95,0.067,1137.7
cor_bnc_cbow_500_r3,m_RT ~  (1|stimuli) + country +  Letters_n+logBNC,0.163,-0.037,0.339,-0.184887989103339,294.87,0.081,1137.3
cor_bnc_cbow_500_r5,m_RT ~  (1|stimuli) + country +  Letters_n+logBNC,0.199,-0.01,0.383,-0.224532678659428,363.21,0.016,1134.4
cor_bnc_conditional_probability_None_r1,m_RT ~  (1|stimuli) + country +  Letters_n+logBNC,-0.334,-0.481,-0.172,0.011047223274121,-27.26,0.693,1141.7
cor_bnc_conditional_probability_None_r10,m_RT ~  (1|stimuli) + country +  Letters_n+logBNC,-0.358,-0.49,-0.228,0.0334326049021723,-655.78,0.196,1136.6
cor_bnc_conditional_probability_None_r3,m_RT ~  (1|stimuli) + country +  Letters_n+logBNC,-0.336,-0.463,-0.2,0.0362855552141595,-81.15,0.617,1140
cor_bnc_conditional_probability_None_r5,m_RT ~  (1|stimuli) + country +  Letters_n+logBNC,-0.344,-0.463,-0.216,0.0410356590081035,-240.41,0.413,1138.5
cor_bnc_log_cooccurrence_None_r1,m_RT ~  (1|stimuli) + country +  Letters_n+logBNC,-0.475,-0.621,-0.33,0.0321496021528788,-640.69,0.014,1134.2
cor_bnc_log_cooccurrence_None_r10,m_RT ~  (1|stimuli) + country +  Letters_n+logBNC,-0.461,-0.591,-0.312,0.0248226436291993,-602.61,0.013,1134
cor_bnc_log_cooccurrence_None_r3,m_RT ~  (1|stimuli) + country +  Letters_n+logBNC,-0.482,-0.598,-0.349,0.0402642734092449,-763.26,0.003,1131.6
cor_bnc_log_cooccurrence_None_r5,m_RT ~  (1|stimuli) + country +  Letters_n+logBNC,-0.474,-0.588,-0.343,0.0314147261086757,-692.76,0.006,1132.6
cor_bnc_pmi_None_r1,m_RT ~  (1|stimuli) + country +  Letters_n+logBNC,-0.492,-0.635,-0.364,0.125040172529151,-3469.36,0.005,1128.8
cor_bnc_pmi_None_r10,m_RT ~  (1|stimuli) + country +  Letters_n+logBNC,-0.055,-0.251,0.177,-0.0636729174436595,266.17,0.756,1137.2
cor_bnc_pmi_None_r3,m_RT ~  (1|stimuli) + country +  Letters_n+logBNC,-0.309,-0.49,-0.11,0.0185160118826612,-1109.21,0.21,1135.5
cor_bnc_pmi_None_r5,m_RT ~  (1|stimuli) + country +  Letters_n+logBNC,-0.215,-0.406,0.01,-0.0247539439734487,-509.37,0.49,1136.8
cor_bnc_ppmi_None_r1,m_RT ~  (1|stimuli) + country +  Letters_n+logBNC,-0.419,-0.561,-0.29,0.103427783633201,-3346.22,0.043,1131.8
cor_bnc_ppmi_None_r10,m_RT ~  (1|stimuli) + country +  Letters_n+logBNC,0.143,-0.052,0.302,-0.119135127889056,1358.46,0.2,1135.1
cor_bnc_ppmi_None_r3,m_RT ~  (1|stimuli) + country +  Letters_n+logBNC,-0.176,-0.34,0.009,-0.0395713407207588,-490.64,0.678,1136
cor_bnc_ppmi_None_r5,m_RT ~  (1|stimuli) + country +  Letters_n+logBNC,-0.066,-0.258,0.152,-0.0866563440078693,335.4,0.85,1136.4
cor_bnc_probability_ratios_None_r1,m_RT ~  (1|stimuli) + country +  Letters_n+logBNC,-0.35,-0.449,-0.227,0.26903074941367,-190083.66,0,1109
cor_bnc_probability_ratios_None_r10,m_RT ~  (1|stimuli) + country +  Letters_n+logBNC,0.251,0.067,0.455,-0.169686355626178,9644.24,0.032,1129.3
cor_bnc_probability_ratios_None_r3,m_RT ~  (1|stimuli) + country +  Letters_n+logBNC,0.186,-0.006,0.376,-0.176322397035146,7261.97,0.13,1131.4
cor_bnc_probability_ratios_None_r5,m_RT ~  (1|stimuli) + country +  Letters_n+logBNC,0.121,-0.107,0.333,-0.282733335898993,12472.15,0.029,1128.4
cor_bnc_skipgram_100_r1,m_RT ~  (1|stimuli) + country +  Letters_n+logBNC,-0.024,-0.213,0.162,-0.12125311392306,148.37,0.382,1139.8
cor_bnc_skipgram_100_r10,m_RT ~  (1|stimuli) + country +  Letters_n+logBNC,0.147,-0.018,0.345,-0.241976221037885,810.26,0.001,1127
cor_bnc_skipgram_100_r3,m_RT ~  (1|stimuli) + country +  Letters_n+logBNC,0.043,-0.167,0.242,-0.155877051679834,304.67,0.09,1137.3
cor_bnc_skipgram_100_r5,m_RT ~  (1|stimuli) + country +  Letters_n+logBNC,0.123,-0.063,0.308,-0.138198452529051,395.3,0.028,1135.4
cor_bnc_skipgram_200_r1,m_RT ~  (1|stimuli) + country +  Letters_n+logBNC,-0.071,-0.28,0.145,-0.116325934833354,140.98,0.491,1139.9
cor_bnc_skipgram_200_r10,m_RT ~  (1|stimuli) + country +  Letters_n+logBNC,0.005,-0.206,0.221,-0.150286262594135,483.45,0.035,1135.2
cor_bnc_skipgram_200_r3,m_RT ~  (1|stimuli) + country +  Letters_n+logBNC,-0.056,-0.268,0.15,-0.0732513446887955,111.42,0.535,1140.1
cor_bnc_skipgram_200_r5,m_RT ~  (1|stimuli) + country +  Letters_n+logBNC,-0.037,-0.266,0.19,-0.13374431668317,233.08,0.216,1138.7
cor_bnc_skipgram_300_r1,m_RT ~  (1|stimuli) + country +  Letters_n+logBNC,0.001,-0.229,0.208,-0.151801554100893,267.78,0.207,1138.4
cor_bnc_skipgram_300_r10,m_RT ~  (1|stimuli) + country +  Letters_n+logBNC,-0.031,-0.225,0.167,-0.101932631832423,383.01,0.086,1136.8
cor_bnc_skipgram_300_r3,m_RT ~  (1|stimuli) + country +  Letters_n+logBNC,-0.053,-0.263,0.154,-0.128306715451273,178.58,0.394,1139.4
cor_bnc_skipgram_300_r5,m_RT ~  (1|stimuli) + country +  Letters_n+logBNC,-0.093,-0.283,0.125,-0.0870446586119433,167.37,0.377,1139.4
cor_bnc_skipgram_50_r1,m_RT ~  (1|stimuli) + country +  Letters_n+logBNC,-0.098,-0.305,0.135,-0.0952439092690531,97.51,0.615,1140.4
cor_bnc_skipgram_50_r10,m_RT ~  (1|stimuli) + country +  Letters_n+logBNC,0.178,-0.026,0.377,-0.205685432625185,457.79,0.006,1132.7
cor_bnc_skipgram_50_r3,m_RT ~  (1|stimuli) + country +  Letters_n+logBNC,0.105,-0.077,0.321,-0.182916434766251,298.45,0.102,1137.5
cor_bnc_skipgram_50_r5,m_RT ~  (1|stimuli) + country +  Letters_n+logBNC,0.212,0.02,0.39,-0.0903020610595857,222.7,0.14,1138.4
cor_bnc_skipgram_500_r1,m_RT ~  (1|stimuli) + country +  Letters_n+logBNC,-0.009,-0.212,0.172,-0.135194962394886,225,0.351,1139
cor_bnc_skipgram_500_r10,m_RT ~  (1|stimuli) + country +  Letters_n+logBNC,-0.118,-0.308,0.064,-0.0884591598273269,318.04,0.197,1138
cor_bnc_skipgram_500_r3,m_RT ~  (1|stimuli) + country +  Letters_n+logBNC,-0.029,-0.233,0.175,-0.0705127933122615,184.81,0.38,1139.2
cor_bnc_skipgram_500_r5,m_RT ~  (1|stimuli) + country +  Letters_n+logBNC,-0.111,-0.294,0.108,-0.113211603618436,283.53,0.241,1138.4
cor_llama_2_13b_chat_Q5_K_S_pairs,m_RT ~  (1|stimuli) + country +  Letters_n+logBNC,-0.48,-0.6,-0.342,-0.013905122973941,-201.79,0.149,1139.2
cor_llama_2_13b_chat_Q5_K_S_pairs_names_Upper,m_RT ~  (1|stimuli) + country +  Letters_n+logBNC,-0.51,-0.63,-0.368,-0.0167109922783401,-248.37,0.078,1138.6
cor_llama_2_7b_chat_Q4_K_M_pairs,m_RT ~  (1|stimuli) + country +  Letters_n+logBNC,-0.527,-0.639,-0.384,0.0247334898088676,-427.7,0.005,1133.8
cor_llama_2_7b_chat_Q4_K_M_pairs_names_Upper,m_RT ~  (1|stimuli) + country +  Letters_n+logBNC,-0.619,-0.707,-0.509,0.0052941979563628,-416.84,0,1125.6
cor_mistral_7b_v0_1_Q4_K_M_pairs,m_RT ~  (1|stimuli) + country +  Letters_n+logBNC,-0.465,-0.588,-0.349,-0.00250731280508673,-327.42,0.081,1137.8
cor_mistral_7b_v0_1_Q4_K_M_pairs_names_Upper,m_RT ~  (1|stimuli) + country +  Letters_n+logBNC,-0.589,-0.693,-0.473,0.00668072548873897,-561.31,0,1130.2
cos_llama_2_13b_chat_Q5_K_S_pairs,m_RT ~  (1|stimuli) + country +  Letters_n+logBNC,-0.48,-0.595,-0.354,-0.0138898539856878,-202.93,0.147,1139.2
cos_llama_2_13b_chat_Q5_K_S_pairs_names_Upper,m_RT ~  (1|stimuli) + country +  Letters_n+logBNC,-0.511,-0.621,-0.393,-0.0166614547277141,-249.62,0.077,1138.6
cos_llama_2_7b_chat_Q4_K_M_pairs,m_RT ~  (1|stimuli) + country +  Letters_n+logBNC,-0.527,-0.647,-0.373,0.0248067222993508,-427.7,0.005,1133.8
cos_llama_2_7b_chat_Q4_K_M_pairs_names_Upper,m_RT ~  (1|stimuli) + country +  Letters_n+logBNC,-0.619,-0.706,-0.511,0.00531946299137033,-416.96,0,1125.6
cos_mistral_7b_v0_1_Q4_K_M_pairs,m_RT ~  (1|stimuli) + country +  Letters_n+logBNC,-0.463,-0.576,-0.331,-0.00259980142361993,-323.02,0.085,1137.8
cos_mistral_7b_v0_1_Q4_K_M_pairs_names_Upper,m_RT ~  (1|stimuli) + country +  Letters_n+logBNC,-0.588,-0.68,-0.485,0.00661334630211045,-560.76,0,1130.3
euc_llama_2_13b_chat_Q5_K_S_pairs,m_RT ~  (1|stimuli) + country +  Letters_n+logBNC,-0.375,-0.516,-0.201,-0.0187983453387059,-0.95,0.566,1149
euc_llama_2_13b_chat_Q5_K_S_pairs_names_Upper,m_RT ~  (1|stimuli) + country +  Letters_n+logBNC,-0.443,-0.552,-0.306,-0.0209598886744024,-1.65,0.353,1148.7
euc_llama_2_7b_chat_Q4_K_M_pairs,m_RT ~  (1|stimuli) + country +  Letters_n+logBNC,-0.264,-0.419,-0.116,0.0259036815500879,-0.52,0.769,1149.5
euc_llama_2_7b_chat_Q4_K_M_pairs_names_Upper,m_RT ~  (1|stimuli) + country +  Letters_n+logBNC,-0.46,-0.584,-0.337,0.0144419218396562,-1.92,0.097,1147.9
euc_mistral_7b_v0_1_Q4_K_M_pairs,m_RT ~  (1|stimuli) + country +  Letters_n+logBNC,-0.395,-0.519,-0.252,-0.000988465401822249,-0.83,0.086,1149.6
euc_mistral_7b_v0_1_Q4_K_M_pairs_names_Upper,m_RT ~  (1|stimuli) + country +  Letters_n+logBNC,-0.597,-0.684,-0.484,0.0052161415008312,-1.69,0,1139.9
cor_glove_6B_300d_pairs,m_RT ~  (1|stimuli) + country +  Letters_n+logBNC,-0.283,-0.472,-0.103,-0.0478412240573369,-99.43,0.467,1140.1
cos_glove_6B_300d_pairs,m_RT ~  (1|stimuli) + country +  Letters_n+logBNC,-0.287,-0.427,-0.139,-0.0481560448273562,-100.34,0.463,1140.1
euc_glove_6B_300d_pairs,m_RT ~  (1|stimuli) + country +  Letters_n+logBNC,-0.21,-0.364,-0.033,-0.0412384990143565,-13.86,0.58,1143.6
ukwac_conditional_probability_ngram_None_r1,m_RT ~  (1|stimuli) + country +  Letters_n+logUKWAC,0.092,-0.21,0.333,0.0271214454865663,38157,0.194,1128.3
ukwac_conditional_probability_ngram_None_r10,m_RT ~  (1|stimuli) + country +  Letters_n+logUKWAC,-0.492,-0.627,-0.321,0.109691763600968,-159820.38,0.01,1122.3
ukwac_conditional_probability_ngram_None_r3,m_RT ~  (1|stimuli) + country +  Letters_n+logUKWAC,-0.284,-0.529,0.025,0.101163140302284,-87861.44,0.223,1126.6
ukwac_conditional_probability_ngram_None_r5,m_RT ~  (1|stimuli) + country +  Letters_n+logUKWAC,-0.417,-0.579,-0.227,0.117103834692769,-140976.24,0.037,1124
ukwac_log_ngram_None_r1,m_RT ~  (1|stimuli) + country +  Letters_n+logUKWAC,0.185,0.005,0.338,0.0391575172272416,-13.77,0.624,1143.8
ukwac_log_ngram_None_r10,m_RT ~  (1|stimuli) + country +  Letters_n+logUKWAC,0.088,-0.102,0.267,-0.016809304944803,-19.43,0.476,1143.2
ukwac_log_ngram_None_r3,m_RT ~  (1|stimuli) + country +  Letters_n+logUKWAC,0.088,-0.059,0.247,0.0259166115636328,-25.68,0.338,1142.9
ukwac_log_ngram_None_r5,m_RT ~  (1|stimuli) + country +  Letters_n+logUKWAC,0.105,-0.073,0.301,-0.00709846232625033,-16.02,0.549,1143.4
ukwac_pmi_ngram_None_r1,m_RT ~  (1|stimuli) + country +  Letters_n+logUKWAC,0.082,-0.112,0.266,0.0563383429053963,6.59,0.327,1145.7
ukwac_pmi_ngram_None_r10,m_RT ~  (1|stimuli) + country +  Letters_n+logUKWAC,-0.052,-0.242,0.132,-0.0284690015177858,20.16,0.065,1142.5
ukwac_pmi_ngram_None_r3,m_RT ~  (1|stimuli) + country +  Letters_n+logUKWAC,-0.039,-0.258,0.182,0.0337149722543696,8.75,0.27,1145.1
ukwac_pmi_ngram_None_r5,m_RT ~  (1|stimuli) + country +  Letters_n+logUKWAC,-0.021,-0.236,0.181,-0.012637953643886,17.35,0.075,1143
ukwac_ppmi_ngram_None_r1,m_RT ~  (1|stimuli) + country +  Letters_n+logUKWAC,0.246,0.096,0.404,-0.00888682086515142,22.43,0.049,1142.1
ukwac_ppmi_ngram_None_r10,m_RT ~  (1|stimuli) + country +  Letters_n+logUKWAC,0.047,-0.227,0.276,0.0010423110288629,27.86,0.142,1142.6
ukwac_ppmi_ngram_None_r3,m_RT ~  (1|stimuli) + country +  Letters_n+logUKWAC,0.174,-0.01,0.342,-0.0064192314476255,34.58,0.027,1140.6
ukwac_ppmi_ngram_None_r5,m_RT ~  (1|stimuli) + country +  Letters_n+logUKWAC,0.114,-0.092,0.31,0.0068901443405643,29.88,0.082,1142
ukwac_probability_ratio_ngram_None_r1,m_RT ~  (1|stimuli) + country +  Letters_n+logUKWAC,0.199,0.052,0.343,0.00129435706301165,3.02,0.047,1146.1
ukwac_probability_ratio_ngram_None_r10,m_RT ~  (1|stimuli) + country +  Letters_n+logUKWAC,0.079,-0.15,0.284,0.00517510658670565,19.59,0.058,1142.6
ukwac_probability_ratio_ngram_None_r3,m_RT ~  (1|stimuli) + country +  Letters_n+logUKWAC,0.154,-0.051,0.341,0.0178113536529935,7.67,0.069,1144.6
ukwac_probability_ratio_ngram_None_r5,m_RT ~  (1|stimuli) + country +  Letters_n+logUKWAC,0.134,-0.056,0.301,0.0122009302409328,12.52,0.058,1143.5
cos_ukwac_cbow_100_r1,m_RT ~  (1|stimuli) + country +  Letters_n+logUKWAC,-0.067,-0.276,0.153,0.0322487205717781,-26.01,0.815,1140.9
cos_ukwac_cbow_100_r10,m_RT ~  (1|stimuli) + country +  Letters_n+logUKWAC,-0.144,-0.299,0.054,-0.0228103517998902,-163,0.084,1138.7
cos_ukwac_cbow_100_r3,m_RT ~  (1|stimuli) + country +  Letters_n+logUKWAC,-0.072,-0.275,0.127,0.0258316611366867,-69.6,0.496,1140.6
cos_ukwac_cbow_100_r5,m_RT ~  (1|stimuli) + country +  Letters_n+logUKWAC,-0.133,-0.316,0.052,0.00172402487680297,-122.3,0.191,1139.8
cos_ukwac_cbow_200_r1,m_RT ~  (1|stimuli) + country +  Letters_n+logUKWAC,-0.118,-0.344,0.092,0.0366118251080361,-83.81,0.497,1140.3
cos_ukwac_cbow_200_r10,m_RT ~  (1|stimuli) + country +  Letters_n+logUKWAC,-0.149,-0.332,0.054,-0.0238497314010873,-170.99,0.104,1138.8
cos_ukwac_cbow_200_r3,m_RT ~  (1|stimuli) + country +  Letters_n+logUKWAC,-0.12,-0.319,0.099,0.0593560926163741,-137.2,0.252,1139.6
cos_ukwac_cbow_200_r5,m_RT ~  (1|stimuli) + country +  Letters_n+logUKWAC,-0.17,-0.358,0.025,0.0380357010631356,-198.14,0.071,1138
cos_ukwac_cbow_300_r1,m_RT ~  (1|stimuli) + country +  Letters_n+logUKWAC,-0.146,-0.336,0.044,0.00175841997964565,-81.61,0.543,1140.1
cos_ukwac_cbow_300_r10,m_RT ~  (1|stimuli) + country +  Letters_n+logUKWAC,-0.163,-0.352,0.052,-0.00585232968182278,-197.72,0.096,1138.4
cos_ukwac_cbow_300_r3,m_RT ~  (1|stimuli) + country +  Letters_n+logUKWAC,-0.12,-0.26,0.049,0.0547402523046566,-138.42,0.266,1139.6
cos_ukwac_cbow_300_r5,m_RT ~  (1|stimuli) + country +  Letters_n+logUKWAC,-0.191,-0.386,0.011,0.0285826879589447,-219.6,0.064,1137.7
cos_ukwac_cbow_50_r1,m_RT ~  (1|stimuli) + country +  Letters_n+logUKWAC,0.006,-0.205,0.207,0.0665339164037034,-50.7,0.712,1140.7
cos_ukwac_cbow_50_r10,m_RT ~  (1|stimuli) + country +  Letters_n+logUKWAC,0.028,-0.184,0.21,-0.00666433781707156,-62.21,0.394,1141.1
cos_ukwac_cbow_50_r3,m_RT ~  (1|stimuli) + country +  Letters_n+logUKWAC,-0.037,-0.194,0.135,0.0835781349266445,-120.84,0.246,1139.8
cos_ukwac_cbow_50_r5,m_RT ~  (1|stimuli) + country +  Letters_n+logUKWAC,0.002,-0.184,0.187,0.0254046524237181,-68.64,0.397,1140.9
cos_ukwac_cbow_500_r1,m_RT ~  (1|stimuli) + country +  Letters_n+logUKWAC,-0.152,-0.319,0.062,0.00791529438525184,-58.3,0.743,1139.8
cos_ukwac_cbow_500_r10,m_RT ~  (1|stimuli) + country +  Letters_n+logUKWAC,-0.01,-0.203,0.181,0.0471349633125821,-191.62,0.193,1138.8
cos_ukwac_cbow_500_r3,m_RT ~  (1|stimuli) + country +  Letters_n+logUKWAC,-0.088,-0.256,0.098,0.0785191643712475,-113.09,0.483,1139.8
cos_ukwac_cbow_500_r5,m_RT ~  (1|stimuli) + country +  Letters_n+logUKWAC,0.055,-0.13,0.239,0.0394996052578931,-92.99,0.53,1140.1
cos_ukwac_conditional_probability_None_r1,m_RT ~  (1|stimuli) + country +  Letters_n+logUKWAC,-0.535,-0.629,-0.429,0.00158614690415534,-237.45,0.022,1136.9
cos_ukwac_conditional_probability_None_r10,m_RT ~  (1|stimuli) + country +  Letters_n+logUKWAC,0.215,-0.013,0.41,0.0609173550206644,558.74,0.199,1136.8
cos_ukwac_conditional_probability_None_r3,m_RT ~  (1|stimuli) + country +  Letters_n+logUKWAC,-0.077,-0.264,0.096,0.0355887697346294,120.73,0.516,1139.5
cos_ukwac_conditional_probability_None_r5,m_RT ~  (1|stimuli) + country +  Letters_n+logUKWAC,0.113,-0.071,0.307,0.0578884920830482,341.75,0.237,1137.8
cos_ukwac_log_cooccurrence_None_r1,m_RT ~  (1|stimuli) + country +  Letters_n+logUKWAC,-0.336,-0.498,-0.165,0.0988954538068861,-423.66,0.167,1137.1
cos_ukwac_log_cooccurrence_None_r10,m_RT ~  (1|stimuli) + country +  Letters_n+logUKWAC,-0.212,-0.393,-0.013,0.129856669962366,-471.64,0.104,1136.5
cos_ukwac_log_cooccurrence_None_r3,m_RT ~  (1|stimuli) + country +  Letters_n+logUKWAC,-0.271,-0.44,-0.08,0.112604420931223,-495.24,0.148,1136.7
cos_ukwac_log_cooccurrence_None_r5,m_RT ~  (1|stimuli) + country +  Letters_n+logUKWAC,-0.271,-0.463,-0.095,0.120547635360131,-518.49,0.099,1136.2
cos_ukwac_pmi_None_r1,m_RT ~  (1|stimuli) + country +  Letters_n+logUKWAC,-0.152,-0.34,0.006,0.0668425567091773,-937.99,0.352,1135.7
cos_ukwac_pmi_None_r10,m_RT ~  (1|stimuli) + country +  Letters_n+logUKWAC,0.101,-0.083,0.266,0.0142674369612284,-205.66,0.859,1136.2
cos_ukwac_pmi_None_r3,m_RT ~  (1|stimuli) + country +  Letters_n+logUKWAC,0.019,-0.151,0.188,0.0219502662196232,-786.43,0.508,1135.8
cos_ukwac_pmi_None_r5,m_RT ~  (1|stimuli) + country +  Letters_n+logUKWAC,0.067,-0.124,0.242,0.0227152751775489,-632.6,0.603,1135.9
cos_ukwac_ppmi_None_r1,m_RT ~  (1|stimuli) + country +  Letters_n+logUKWAC,0.131,-0.066,0.288,0.100175949091897,240,0.784,1136
cos_ukwac_ppmi_None_r10,m_RT ~  (1|stimuli) + country +  Letters_n+logUKWAC,0.244,0.084,0.397,0.0439294225224626,1330.85,0.392,1134.9
cos_ukwac_ppmi_None_r3,m_RT ~  (1|stimuli) + country +  Letters_n+logUKWAC,0.268,0.114,0.439,0.0540385161576885,1014.74,0.543,1135
cos_ukwac_ppmi_None_r5,m_RT ~  (1|stimuli) + country +  Letters_n+logUKWAC,0.262,0.095,0.42,0.0546330978219946,994.01,0.535,1135
cos_ukwac_probability_ratios_None_r1,m_RT ~  (1|stimuli) + country +  Letters_n+logUKWAC,0.202,0.077,0.332,0.0263712349572332,52087.2,0.1,1127.4
cos_ukwac_probability_ratios_None_r10,m_RT ~  (1|stimuli) + country +  Letters_n+logUKWAC,0.025,-0.097,0.155,0.0842981516405982,4096.51,0.335,1132.8
cos_ukwac_probability_ratios_None_r3,m_RT ~  (1|stimuli) + country +  Letters_n+logUKWAC,0.014,-0.173,0.168,0.124131712996708,-290.08,0.906,1131.7
cos_ukwac_probability_ratios_None_r5,m_RT ~  (1|stimuli) + country +  Letters_n+logUKWAC,-0.002,-0.183,0.189,0.13966627833182,-971.51,0.955,1132.6
cos_ukwac_skipgram_100_r1,m_RT ~  (1|stimuli) + country +  Letters_n+logUKWAC,-0.004,-0.209,0.209,0.00412401018863477,18.8,0.884,1140.7
cos_ukwac_skipgram_100_r10,m_RT ~  (1|stimuli) + country +  Letters_n+logUKWAC,0.281,0.087,0.471,-0.00546524990083574,115.82,0.435,1139.7
cos_ukwac_skipgram_100_r3,m_RT ~  (1|stimuli) + country +  Letters_n+logUKWAC,0.131,-0.053,0.298,0.000589962947880633,77.9,0.563,1140.2
cos_ukwac_skipgram_100_r5,m_RT ~  (1|stimuli) + country +  Letters_n+logUKWAC,0.141,-0.03,0.317,-0.00849252758213268,60.68,0.67,1140.2
cos_ukwac_skipgram_200_r1,m_RT ~  (1|stimuli) + country +  Letters_n+logUKWAC,-0.037,-0.24,0.168,0.0174356553580037,-54.62,0.679,1140.4
cos_ukwac_skipgram_200_r10,m_RT ~  (1|stimuli) + country +  Letters_n+logUKWAC,0.113,-0.064,0.281,0.0596724169613107,-114.09,0.578,1139.7
cos_ukwac_skipgram_200_r3,m_RT ~  (1|stimuli) + country +  Letters_n+logUKWAC,0.041,-0.171,0.227,0.01720646576465,-46.84,0.762,1140.3
cos_ukwac_skipgram_200_r5,m_RT ~  (1|stimuli) + country +  Letters_n+logUKWAC,0.132,-0.079,0.313,0.0101468297874655,-23.12,0.894,1140.2
cos_ukwac_skipgram_300_r1,m_RT ~  (1|stimuli) + country +  Letters_n+logUKWAC,-0.083,-0.275,0.112,0.0373794226711574,-95.48,0.538,1139.9
cos_ukwac_skipgram_300_r10,m_RT ~  (1|stimuli) + country +  Letters_n+logUKWAC,0.083,-0.106,0.26,0.0649791328594722,-95.02,0.67,1139.8
cos_ukwac_skipgram_300_r3,m_RT ~  (1|stimuli) + country +  Letters_n+logUKWAC,0.116,-0.109,0.318,0.0105528997407337,11.39,0.929,1140.2
cos_ukwac_skipgram_300_r5,m_RT ~  (1|stimuli) + country +  Letters_n+logUKWAC,0.093,-0.108,0.271,0.0501894288075187,-92.76,0.629,1139.8
cos_ukwac_skipgram_50_r1,m_RT ~  (1|stimuli) + country +  Letters_n+logUKWAC,0.016,-0.196,0.219,0.028459202858584,5.16,0.944,1140.8
cos_ukwac_skipgram_50_r10,m_RT ~  (1|stimuli) + country +  Letters_n+logUKWAC,0.351,0.188,0.493,-0.056196472055063,145.96,0.224,1139.4
cos_ukwac_skipgram_50_r3,m_RT ~  (1|stimuli) + country +  Letters_n+logUKWAC,0.123,-0.067,0.273,0.0393129033308092,-12.55,0.977,1140.6
cos_ukwac_skipgram_50_r5,m_RT ~  (1|stimuli) + country +  Letters_n+logUKWAC,0.193,0.017,0.365,-0.0101852615491987,39.2,0.769,1140.6
cos_ukwac_skipgram_500_r1,m_RT ~  (1|stimuli) + country +  Letters_n+logUKWAC,-0.154,-0.374,0.046,0.0314408641198838,-104.99,0.567,1139.7
cos_ukwac_skipgram_500_r10,m_RT ~  (1|stimuli) + country +  Letters_n+logUKWAC,0.049,-0.136,0.203,0.0596178109112286,-55,0.841,1140
cos_ukwac_skipgram_500_r3,m_RT ~  (1|stimuli) + country +  Letters_n+logUKWAC,-0.011,-0.215,0.196,0.0187279350629989,3.36,0.961,1139.9
cos_ukwac_skipgram_500_r5,m_RT ~  (1|stimuli) + country +  Letters_n+logUKWAC,-0.007,-0.22,0.171,0.0390850474760421,-78.91,0.746,1139.6
euc_ukwac_cbow_100_r1,m_RT ~  (1|stimuli) + country +  Letters_n+logUKWAC,-0.058,-0.25,0.148,0.0233835886102083,5.22,0.614,1145.4
euc_ukwac_cbow_100_r10,m_RT ~  (1|stimuli) + country +  Letters_n+logUKWAC,0.22,0.02,0.395,-0.00452556369171448,3.25,0.226,1147
euc_ukwac_cbow_100_r3,m_RT ~  (1|stimuli) + country +  Letters_n+logUKWAC,0.046,-0.158,0.246,0.0177369773652549,2.66,0.545,1147
euc_ukwac_cbow_100_r5,m_RT ~  (1|stimuli) + country +  Letters_n+logUKWAC,0.085,-0.137,0.27,0.00775099363155702,2.41,0.47,1147.4
euc_ukwac_cbow_200_r1,m_RT ~  (1|stimuli) + country +  Letters_n+logUKWAC,-0.093,-0.328,0.123,0.0247202632800838,3.34,0.747,1145.5
euc_ukwac_cbow_200_r10,m_RT ~  (1|stimuli) + country +  Letters_n+logUKWAC,0.156,-0.016,0.327,-0.00442718938112961,3,0.24,1147.2
euc_ukwac_cbow_200_r3,m_RT ~  (1|stimuli) + country +  Letters_n+logUKWAC,-0.02,-0.251,0.207,0.0374951349146417,1.18,0.775,1147.2
euc_ukwac_cbow_200_r5,m_RT ~  (1|stimuli) + country +  Letters_n+logUKWAC,0.007,-0.187,0.202,0.0279374329166324,1.22,0.71,1147.7
euc_ukwac_cbow_300_r1,m_RT ~  (1|stimuli) + country +  Letters_n+logUKWAC,-0.095,-0.295,0.1,0.00509212327679374,5.58,0.607,1145.3
euc_ukwac_cbow_300_r10,m_RT ~  (1|stimuli) + country +  Letters_n+logUKWAC,0.083,-0.115,0.268,0.00544607052793854,2.62,0.312,1147.5
euc_ukwac_cbow_300_r3,m_RT ~  (1|stimuli) + country +  Letters_n+logUKWAC,-0.051,-0.259,0.163,0.0353573290019558,1.05,0.806,1147.2
euc_ukwac_cbow_300_r5,m_RT ~  (1|stimuli) + country +  Letters_n+logUKWAC,-0.047,-0.274,0.144,0.0234087823077217,1.13,0.744,1147.7
euc_ukwac_cbow_50_r1,m_RT ~  (1|stimuli) + country +  Letters_n+logUKWAC,-0.039,-0.262,0.175,0.053337045637265,1.46,0.866,1145.2
euc_ukwac_cbow_50_r10,m_RT ~  (1|stimuli) + country +  Letters_n+logUKWAC,0.327,0.15,0.473,0.00211505686965461,3.59,0.126,1146.6
euc_ukwac_cbow_50_r3,m_RT ~  (1|stimuli) + country +  Letters_n+logUKWAC,0.076,-0.112,0.253,0.0598185020297283,0.77,0.83,1147.2
euc_ukwac_cbow_50_r5,m_RT ~  (1|stimuli) + country +  Letters_n+logUKWAC,0.18,0.006,0.342,0.0192024264827306,2.64,0.405,1147.4
euc_ukwac_cbow_500_r1,m_RT ~  (1|stimuli) + country +  Letters_n+logUKWAC,-0.101,-0.264,0.057,0.00775135679832379,8.94,0.413,1144.9
euc_ukwac_cbow_500_r10,m_RT ~  (1|stimuli) + country +  Letters_n+logUKWAC,0.099,-0.101,0.275,0.0297719032909722,2.7,0.295,1147.5
euc_ukwac_cbow_500_r3,m_RT ~  (1|stimuli) + country +  Letters_n+logUKWAC,-0.041,-0.236,0.185,0.0477722109112589,2.04,0.648,1147
euc_ukwac_cbow_500_r5,m_RT ~  (1|stimuli) + country +  Letters_n+logUKWAC,0.041,-0.136,0.215,0.0263720311255534,2.77,0.434,1147.2
euc_ukwac_conditional_probability_None_r1,m_RT ~  (1|stimuli) + country +  Letters_n+logUKWAC,-0.4,-0.536,-0.234,-0.000648817771650305,-572.59,0.476,1136.4
euc_ukwac_conditional_probability_None_r10,m_RT ~  (1|stimuli) + country +  Letters_n+logUKWAC,0.068,-0.116,0.263,0.105705432469194,1130.83,0.583,1134.4
euc_ukwac_conditional_probability_None_r3,m_RT ~  (1|stimuli) + country +  Letters_n+logUKWAC,-0.255,-0.435,-0.071,0.0403197760979825,-300.12,0.888,1135.4
euc_ukwac_conditional_probability_None_r5,m_RT ~  (1|stimuli) + country +  Letters_n+logUKWAC,-0.125,-0.355,0.076,0.0844952372873649,447.19,0.771,1134.7
euc_ukwac_log_cooccurrence_None_r1,m_RT ~  (1|stimuli) + country +  Letters_n+logUKWAC,-0.236,-0.412,-0.056,0.102835947653208,-1.59,0,1137.9
euc_ukwac_log_cooccurrence_None_r10,m_RT ~  (1|stimuli) + country +  Letters_n+logUKWAC,-0.204,-0.404,-0.016,0.0952962069559713,-0.47,0.004,1146.5
euc_ukwac_log_cooccurrence_None_r3,m_RT ~  (1|stimuli) + country +  Letters_n+logUKWAC,-0.214,-0.388,-0.016,0.099070649439934,-0.82,0.001,1143.8
euc_ukwac_log_cooccurrence_None_r5,m_RT ~  (1|stimuli) + country +  Letters_n+logUKWAC,-0.216,-0.435,0.013,0.0974035423416321,-0.64,0.002,1145
euc_ukwac_pmi_None_r1,m_RT ~  (1|stimuli) + country +  Letters_n+logUKWAC,-0.252,-0.388,-0.09,0.0396667781970163,-0.2,0,1143.2
euc_ukwac_pmi_None_r10,m_RT ~  (1|stimuli) + country +  Letters_n+logUKWAC,-0.056,-0.246,0.128,0.03006463028493,-0.14,0.001,1147.4
euc_ukwac_pmi_None_r3,m_RT ~  (1|stimuli) + country +  Letters_n+logUKWAC,-0.151,-0.292,0.035,0.0336337377414942,-0.17,0,1145
euc_ukwac_pmi_None_r5,m_RT ~  (1|stimuli) + country +  Letters_n+logUKWAC,-0.122,-0.281,0.028,0.031978707616719,-0.16,0,1145.2
euc_ukwac_ppmi_None_r1,m_RT ~  (1|stimuli) + country +  Letters_n+logUKWAC,-0.257,-0.395,-0.086,0.0393230788502439,-0.2,0,1143.8
euc_ukwac_ppmi_None_r10,m_RT ~  (1|stimuli) + country +  Letters_n+logUKWAC,-0.06,-0.224,0.129,0.0315019058090082,-0.13,0.001,1148
euc_ukwac_ppmi_None_r3,m_RT ~  (1|stimuli) + country +  Letters_n+logUKWAC,-0.154,-0.316,0.015,0.0343715304383083,-0.16,0,1145.6
euc_ukwac_ppmi_None_r5,m_RT ~  (1|stimuli) + country +  Letters_n+logUKWAC,-0.126,-0.303,0.052,0.0330438197599573,-0.15,0,1145.8
euc_ukwac_probability_ratios_None_r1,m_RT ~  (1|stimuli) + country +  Letters_n+logUKWAC,-0.462,-0.579,-0.331,0.00103449501476895,0,0.074,1166.7
euc_ukwac_probability_ratios_None_r10,m_RT ~  (1|stimuli) + country +  Letters_n+logUKWAC,-0.402,-0.522,-0.243,0.0041535873934146,0,0.296,1165.6
euc_ukwac_probability_ratios_None_r3,m_RT ~  (1|stimuli) + country +  Letters_n+logUKWAC,-0.439,-0.575,-0.316,0.0022229462902359,0,0.13,1166
euc_ukwac_probability_ratios_None_r5,m_RT ~  (1|stimuli) + country +  Letters_n+logUKWAC,-0.426,-0.553,-0.28,0.00291618197486841,0,0.168,1165.8
euc_ukwac_skipgram_100_r1,m_RT ~  (1|stimuli) + country +  Letters_n+logUKWAC,0.068,-0.118,0.265,0.0051101075400794,17.71,0.331,1143.7
euc_ukwac_skipgram_100_r10,m_RT ~  (1|stimuli) + country +  Letters_n+logUKWAC,0.362,0.204,0.506,0.000347113989263625,54.94,0.029,1139.8
euc_ukwac_skipgram_100_r3,m_RT ~  (1|stimuli) + country +  Letters_n+logUKWAC,0.207,0.013,0.393,0.00750010709049212,36.38,0.097,1141.8
euc_ukwac_skipgram_100_r5,m_RT ~  (1|stimuli) + country +  Letters_n+logUKWAC,0.243,0.079,0.422,0.00242772156794618,40.94,0.074,1141.4
euc_ukwac_skipgram_200_r1,m_RT ~  (1|stimuli) + country +  Letters_n+logUKWAC,0.078,-0.131,0.268,0.0135894007192586,14.3,0.422,1144
euc_ukwac_skipgram_200_r10,m_RT ~  (1|stimuli) + country +  Letters_n+logUKWAC,0.272,0.105,0.422,0.0379793719996618,38.26,0.147,1142
euc_ukwac_skipgram_200_r3,m_RT ~  (1|stimuli) + country +  Letters_n+logUKWAC,0.172,0.012,0.322,0.0176266891720815,25.34,0.214,1143
euc_ukwac_skipgram_200_r5,m_RT ~  (1|stimuli) + country +  Letters_n+logUKWAC,0.244,0.072,0.403,0.0136192785351821,34.24,0.127,1142.1
euc_ukwac_skipgram_300_r1,m_RT ~  (1|stimuli) + country +  Letters_n+logUKWAC,0.043,-0.158,0.225,0.0247748758738658,13.41,0.446,1144
euc_ukwac_skipgram_300_r10,m_RT ~  (1|stimuli) + country +  Letters_n+logUKWAC,0.261,0.096,0.419,0.040435090684346,38.04,0.129,1142
euc_ukwac_skipgram_300_r3,m_RT ~  (1|stimuli) + country +  Letters_n+logUKWAC,0.218,0.024,0.402,0.0138343775028766,32.24,0.107,1142.1
euc_ukwac_skipgram_300_r5,m_RT ~  (1|stimuli) + country +  Letters_n+logUKWAC,0.229,0.037,0.4,0.0333991114123477,32.87,0.126,1142.2
euc_ukwac_skipgram_50_r1,m_RT ~  (1|stimuli) + country +  Letters_n+logUKWAC,0.061,-0.138,0.262,0.0202796800758854,14.06,0.454,1143.9
euc_ukwac_skipgram_50_r10,m_RT ~  (1|stimuli) + country +  Letters_n+logUKWAC,0.415,0.241,0.562,-0.0396072368732336,57.19,0.022,1139.2
euc_ukwac_skipgram_50_r3,m_RT ~  (1|stimuli) + country +  Letters_n+logUKWAC,0.222,0.025,0.392,0.0348900434932536,27.87,0.228,1142.8
euc_ukwac_skipgram_50_r5,m_RT ~  (1|stimuli) + country +  Letters_n+logUKWAC,0.307,0.126,0.475,-0.00595028823668938,41.26,0.096,1141.5
euc_ukwac_skipgram_500_r1,m_RT ~  (1|stimuli) + country +  Letters_n+logUKWAC,0.03,-0.157,0.211,0.0209810390409245,18.58,0.296,1143.6
euc_ukwac_skipgram_500_r10,m_RT ~  (1|stimuli) + country +  Letters_n+logUKWAC,0.246,0.115,0.406,0.0356441084336153,41.77,0.066,1141.3
euc_ukwac_skipgram_500_r3,m_RT ~  (1|stimuli) + country +  Letters_n+logUKWAC,0.161,-0.014,0.358,0.0167063453485065,35.01,0.076,1141.7
euc_ukwac_skipgram_500_r5,m_RT ~  (1|stimuli) + country +  Letters_n+logUKWAC,0.216,0.031,0.378,0.0248423955826704,39.73,0.059,1141.3
cor_ukwac_cbow_100_r1,m_RT ~  (1|stimuli) + country +  Letters_n+logUKWAC,-0.045,-0.221,0.178,0.0421317647746507,-33.69,0.781,1140.8
cor_ukwac_cbow_100_r10,m_RT ~  (1|stimuli) + country +  Letters_n+logUKWAC,-0.143,-0.312,0.067,-0.0225891510543279,-160.46,0.088,1138.8
cor_ukwac_cbow_100_r3,m_RT ~  (1|stimuli) + country +  Letters_n+logUKWAC,-0.07,-0.28,0.115,0.0245127466783305,-60.69,0.55,1140.7
cor_ukwac_cbow_100_r5,m_RT ~  (1|stimuli) + country +  Letters_n+logUKWAC,-0.129,-0.323,0.042,-0.00867842999967632,-112.56,0.224,1140
cor_ukwac_cbow_200_r1,m_RT ~  (1|stimuli) + country +  Letters_n+logUKWAC,-0.118,-0.319,0.12,0.0370368334210153,-86.96,0.479,1140.3
cor_ukwac_cbow_200_r10,m_RT ~  (1|stimuli) + country +  Letters_n+logUKWAC,-0.149,-0.336,0.054,-0.0222732925376569,-171.73,0.1,1138.8
cor_ukwac_cbow_200_r3,m_RT ~  (1|stimuli) + country +  Letters_n+logUKWAC,-0.119,-0.33,0.052,0.0582163061743305,-135.55,0.256,1139.6
cor_ukwac_cbow_200_r5,m_RT ~  (1|stimuli) + country +  Letters_n+logUKWAC,-0.173,-0.378,0.036,0.0336651294235235,-201.94,0.068,1137.9
cor_ukwac_cbow_300_r1,m_RT ~  (1|stimuli) + country +  Letters_n+logUKWAC,-0.147,-0.308,0.042,0.00680298428152447,-85.05,0.531,1140.1
cor_ukwac_cbow_300_r10,m_RT ~  (1|stimuli) + country +  Letters_n+logUKWAC,-0.147,-0.326,0.021,0.00478922545840682,-206.71,0.087,1138.2
cor_ukwac_cbow_300_r3,m_RT ~  (1|stimuli) + country +  Letters_n+logUKWAC,-0.117,-0.287,0.061,0.0601068835493839,-140.72,0.258,1139.5
cor_ukwac_cbow_300_r5,m_RT ~  (1|stimuli) + country +  Letters_n+logUKWAC,-0.193,-0.341,-0.013,0.033261914447528,-226.08,0.058,1137.6
cor_ukwac_cbow_50_r1,m_RT ~  (1|stimuli) + country +  Letters_n+logUKWAC,-0.008,-0.206,0.203,0.0344452413459303,-28.76,0.79,1141.1
cor_ukwac_cbow_50_r10,m_RT ~  (1|stimuli) + country +  Letters_n+logUKWAC,0.048,-0.139,0.227,-0.00345366088536549,-63.9,0.381,1141
cor_ukwac_cbow_50_r3,m_RT ~  (1|stimuli) + country +  Letters_n+logUKWAC,-0.018,-0.185,0.192,0.0449228898382632,-83.64,0.389,1140.5
cor_ukwac_cbow_50_r5,m_RT ~  (1|stimuli) + country +  Letters_n+logUKWAC,-0.022,-0.24,0.16,0.00463426934127704,-65.59,0.379,1141
cor_ukwac_cbow_500_r1,m_RT ~  (1|stimuli) + country +  Letters_n+logUKWAC,-0.153,-0.32,0.048,0.0101291348776678,-63.1,0.725,1139.8
cor_ukwac_cbow_500_r10,m_RT ~  (1|stimuli) + country +  Letters_n+logUKWAC,-0.008,-0.2,0.194,0.0478396397403187,-188.99,0.199,1138.9
cor_ukwac_cbow_500_r3,m_RT ~  (1|stimuli) + country +  Letters_n+logUKWAC,-0.087,-0.258,0.115,0.0779855434155539,-111.86,0.489,1139.9
cor_ukwac_cbow_500_r5,m_RT ~  (1|stimuli) + country +  Letters_n+logUKWAC,0.059,-0.136,0.245,0.0387248803249694,-88.29,0.551,1140.1
cor_ukwac_conditional_probability_None_r1,m_RT ~  (1|stimuli) + country +  Letters_n+logUKWAC,-0.535,-0.619,-0.442,0.0015862737043216,-237.45,0.022,1136.9
cor_ukwac_conditional_probability_None_r10,m_RT ~  (1|stimuli) + country +  Letters_n+logUKWAC,0.215,0.03,0.392,0.0609166924631282,558.74,0.199,1136.8
cor_ukwac_conditional_probability_None_r3,m_RT ~  (1|stimuli) + country +  Letters_n+logUKWAC,-0.077,-0.257,0.126,0.0355883837372081,120.73,0.516,1139.5
cor_ukwac_conditional_probability_None_r5,m_RT ~  (1|stimuli) + country +  Letters_n+logUKWAC,0.113,-0.085,0.287,0.0578877235554049,341.75,0.237,1137.8
cor_ukwac_log_cooccurrence_None_r1,m_RT ~  (1|stimuli) + country +  Letters_n+logUKWAC,-0.337,-0.483,-0.182,0.0985948846232705,-426.97,0.164,1137.1
cor_ukwac_log_cooccurrence_None_r10,m_RT ~  (1|stimuli) + country +  Letters_n+logUKWAC,-0.209,-0.377,-0.003,0.127501078787398,-471.23,0.104,1136.5
cor_ukwac_log_cooccurrence_None_r3,m_RT ~  (1|stimuli) + country +  Letters_n+logUKWAC,-0.271,-0.431,-0.076,0.111608734791915,-495.62,0.146,1136.7
cor_ukwac_log_cooccurrence_None_r5,m_RT ~  (1|stimuli) + country +  Letters_n+logUKWAC,-0.271,-0.438,-0.066,0.119095633362977,-518.5,0.099,1136.2
cor_ukwac_pmi_None_r1,m_RT ~  (1|stimuli) + country +  Letters_n+logUKWAC,-0.159,-0.315,0.004,0.0637931453242663,-1011.34,0.32,1135.6
cor_ukwac_pmi_None_r10,m_RT ~  (1|stimuli) + country +  Letters_n+logUKWAC,0.103,-0.077,0.301,-0.0063610723365744,-493.5,0.646,1136.1
cor_ukwac_pmi_None_r3,m_RT ~  (1|stimuli) + country +  Letters_n+logUKWAC,0.013,-0.195,0.216,0.0125807857361747,-929.23,0.427,1135.6
cor_ukwac_pmi_None_r5,m_RT ~  (1|stimuli) + country +  Letters_n+logUKWAC,0.062,-0.156,0.259,0.00943906492498404,-828.77,0.479,1135.7
cor_ukwac_ppmi_None_r1,m_RT ~  (1|stimuli) + country +  Letters_n+logUKWAC,0.129,-0.044,0.292,0.0973856703588721,141.34,0.851,1135.9
cor_ukwac_ppmi_None_r10,m_RT ~  (1|stimuli) + country +  Letters_n+logUKWAC,0.272,0.132,0.426,0.0138294714152595,589.77,0.745,1135.2
cor_ukwac_ppmi_None_r3,m_RT ~  (1|stimuli) + country +  Letters_n+logUKWAC,0.272,0.078,0.44,0.0396677306252111,563.58,0.737,1135
cor_ukwac_ppmi_None_r5,m_RT ~  (1|stimuli) + country +  Letters_n+logUKWAC,0.271,0.081,0.438,0.0347902981734519,346.35,0.818,1135.1
cor_ukwac_probability_ratios_None_r1,m_RT ~  (1|stimuli) + country +  Letters_n+logUKWAC,0.201,0.036,0.349,-0.072961897181284,61828.53,0.19,1127.2
cor_ukwac_probability_ratios_None_r10,m_RT ~  (1|stimuli) + country +  Letters_n+logUKWAC,0.08,-0.079,0.245,0.0296164281648507,2706.21,0.651,1132.6
cor_ukwac_probability_ratios_None_r3,m_RT ~  (1|stimuli) + country +  Letters_n+logUKWAC,0.002,-0.187,0.208,0.0779685329256419,-10880.49,0.54,1130.6
cor_ukwac_probability_ratios_None_r5,m_RT ~  (1|stimuli) + country +  Letters_n+logUKWAC,-0.001,-0.226,0.281,0.101576379993984,-6700.44,0.543,1131.7
cor_ukwac_skipgram_100_r1,m_RT ~  (1|stimuli) + country +  Letters_n+logUKWAC,-0.006,-0.205,0.202,0.00387278424417315,8.79,0.952,1140.7
cor_ukwac_skipgram_100_r10,m_RT ~  (1|stimuli) + country +  Letters_n+logUKWAC,0.276,0.104,0.44,-0.00403535986343588,98.71,0.502,1139.9
cor_ukwac_skipgram_100_r3,m_RT ~  (1|stimuli) + country +  Letters_n+logUKWAC,0.131,-0.089,0.343,0.00194821028921983,66.39,0.62,1140.2
cor_ukwac_skipgram_100_r5,m_RT ~  (1|stimuli) + country +  Letters_n+logUKWAC,0.183,0.001,0.369,-0.00641551072537072,70.51,0.61,1140.2
cor_ukwac_skipgram_200_r1,m_RT ~  (1|stimuli) + country +  Letters_n+logUKWAC,-0.018,-0.215,0.169,0.0172452219783371,-42.58,0.743,1140.5
cor_ukwac_skipgram_200_r10,m_RT ~  (1|stimuli) + country +  Letters_n+logUKWAC,0.105,-0.069,0.267,0.0612713336633684,-123.83,0.535,1139.6
cor_ukwac_skipgram_200_r3,m_RT ~  (1|stimuli) + country +  Letters_n+logUKWAC,0.04,-0.19,0.225,0.0169562991852733,-45.79,0.765,1140.3
cor_ukwac_skipgram_200_r5,m_RT ~  (1|stimuli) + country +  Letters_n+logUKWAC,0.137,-0.058,0.312,0.0118914077458604,-25.11,0.888,1140.2
cor_ukwac_skipgram_300_r1,m_RT ~  (1|stimuli) + country +  Letters_n+logUKWAC,-0.057,-0.27,0.155,0.0315229771313109,-65.82,0.657,1140.2
cor_ukwac_skipgram_300_r10,m_RT ~  (1|stimuli) + country +  Letters_n+logUKWAC,0.088,-0.071,0.267,0.0598507242484087,-81.98,0.709,1139.9
cor_ukwac_skipgram_300_r3,m_RT ~  (1|stimuli) + country +  Letters_n+logUKWAC,0.119,-0.068,0.317,0.0119740979318825,21.55,0.874,1140.2
cor_ukwac_skipgram_300_r5,m_RT ~  (1|stimuli) + country +  Letters_n+logUKWAC,0.086,-0.12,0.26,0.0486660743174084,-91.63,0.634,1139.8
cor_ukwac_skipgram_50_r1,m_RT ~  (1|stimuli) + country +  Letters_n+logUKWAC,0.017,-0.187,0.203,0.0254186973527658,6.35,0.94,1140.8
cor_ukwac_skipgram_50_r10,m_RT ~  (1|stimuli) + country +  Letters_n+logUKWAC,0.35,0.147,0.516,-0.0592342808161578,149.99,0.208,1139.3
cor_ukwac_skipgram_50_r3,m_RT ~  (1|stimuli) + country +  Letters_n+logUKWAC,0.107,-0.111,0.297,0.0407992358773622,-16.61,0.955,1140.6
cor_ukwac_skipgram_50_r5,m_RT ~  (1|stimuli) + country +  Letters_n+logUKWAC,0.145,-0.066,0.341,-0.0108742303146446,19.78,0.895,1140.6
cor_ukwac_skipgram_500_r1,m_RT ~  (1|stimuli) + country +  Letters_n+logUKWAC,-0.16,-0.352,0.037,0.0313784820112538,-108.42,0.552,1139.6
cor_ukwac_skipgram_500_r10,m_RT ~  (1|stimuli) + country +  Letters_n+logUKWAC,0.052,-0.133,0.215,0.0572339575565738,-45.02,0.88,1140.1
cor_ukwac_skipgram_500_r3,m_RT ~  (1|stimuli) + country +  Letters_n+logUKWAC,-0.013,-0.218,0.185,0.0195195898635813,-1.36,0.979,1139.9
cor_ukwac_skipgram_500_r5,m_RT ~  (1|stimuli) + country +  Letters_n+logUKWAC,-0.009,-0.212,0.18,0.0439779109465809,-82.87,0.739,1139.6
cor_llama_2_13b_chat_Q5_K_S_pairs,m_RT ~  (1|stimuli) + country +  Letters_n+logUKWAC,-0.48,-0.594,-0.38,-0.013905122973941,-205.74,0.139,1139
cor_llama_2_13b_chat_Q5_K_S_pairs_names_Upper,m_RT ~  (1|stimuli) + country +  Letters_n+logUKWAC,-0.51,-0.628,-0.377,-0.0167109922783401,-246.66,0.078,1138.4
cor_llama_2_7b_chat_Q4_K_M_pairs,m_RT ~  (1|stimuli) + country +  Letters_n+logUKWAC,-0.527,-0.648,-0.364,0.0247334898088676,-408.5,0.01,1134.5
cor_llama_2_7b_chat_Q4_K_M_pairs_names_Upper,m_RT ~  (1|stimuli) + country +  Letters_n+logUKWAC,-0.619,-0.724,-0.484,0.0052941979563628,-428.55,0,1126.4
cor_mistral_7b_v0_1_Q4_K_M_pairs,m_RT ~  (1|stimuli) + country +  Letters_n+logUKWAC,-0.465,-0.59,-0.312,-0.00250731280508673,-357.38,0.054,1137.1
cor_mistral_7b_v0_1_Q4_K_M_pairs_names_Upper,m_RT ~  (1|stimuli) + country +  Letters_n+logUKWAC,-0.589,-0.687,-0.478,0.00668072548873897,-549.09,0,1129.9
cos_llama_2_13b_chat_Q5_K_S_pairs,m_RT ~  (1|stimuli) + country +  Letters_n+logUKWAC,-0.48,-0.593,-0.373,-0.0138898539856878,-206.77,0.137,1139
cos_llama_2_13b_chat_Q5_K_S_pairs_names_Upper,m_RT ~  (1|stimuli) + country +  Letters_n+logUKWAC,-0.511,-0.619,-0.399,-0.0166614547277141,-247.79,0.076,1138.4
cos_llama_2_7b_chat_Q4_K_M_pairs,m_RT ~  (1|stimuli) + country +  Letters_n+logUKWAC,-0.527,-0.648,-0.383,0.0248067222993508,-408.49,0.01,1134.5
cos_llama_2_7b_chat_Q4_K_M_pairs_names_Upper,m_RT ~  (1|stimuli) + country +  Letters_n+logUKWAC,-0.619,-0.718,-0.493,0.00531946299137033,-428.68,0,1126.4
cos_mistral_7b_v0_1_Q4_K_M_pairs,m_RT ~  (1|stimuli) + country +  Letters_n+logUKWAC,-0.463,-0.575,-0.345,-0.00259980142361993,-353.2,0.057,1137.2
cos_mistral_7b_v0_1_Q4_K_M_pairs_names_Upper,m_RT ~  (1|stimuli) + country +  Letters_n+logUKWAC,-0.588,-0.679,-0.471,0.00661334630211045,-548.48,0,1130
euc_llama_2_13b_chat_Q5_K_S_pairs,m_RT ~  (1|stimuli) + country +  Letters_n+logUKWAC,-0.375,-0.505,-0.231,-0.0187983453387059,-1.08,0.519,1148.8
euc_llama_2_13b_chat_Q5_K_S_pairs_names_Upper,m_RT ~  (1|stimuli) + country +  Letters_n+logUKWAC,-0.443,-0.567,-0.296,-0.0209598886744024,-1.7,0.337,1148.5
euc_llama_2_7b_chat_Q4_K_M_pairs,m_RT ~  (1|stimuli) + country +  Letters_n+logUKWAC,-0.264,-0.422,-0.062,0.0259036815500879,-0.05,0.983,1149.4
euc_llama_2_7b_chat_Q4_K_M_pairs_names_Upper,m_RT ~  (1|stimuli) + country +  Letters_n+logUKWAC,-0.46,-0.602,-0.312,0.0144419218396562,-1.62,0.185,1148.4
euc_mistral_7b_v0_1_Q4_K_M_pairs,m_RT ~  (1|stimuli) + country +  Letters_n+logUKWAC,-0.395,-0.534,-0.253,-0.000988465401822249,-0.99,0.039,1148.4
euc_mistral_7b_v0_1_Q4_K_M_pairs_names_Upper,m_RT ~  (1|stimuli) + country +  Letters_n+logUKWAC,-0.597,-0.702,-0.488,0.0052161415008312,-1.64,0,1139.1
cor_glove_6B_300d_pairs,m_RT ~  (1|stimuli) + country +  Letters_n+logUKWAC,-0.283,-0.443,-0.097,-0.0478412240573369,-123.18,0.359,1139.7
cos_glove_6B_300d_pairs,m_RT ~  (1|stimuli) + country +  Letters_n+logUKWAC,-0.287,-0.437,-0.088,-0.0481560448273562,-124.71,0.354,1139.7
euc_glove_6B_300d_pairs,m_RT ~  (1|stimuli) + country +  Letters_n+logUKWAC,-0.21,-0.372,-0.041,-0.0412384990143565,-22.02,0.378,1143.1
